Class,PDB,PDB Title,Pocket,RMSD,Result ID
No EC number available,100D,CRYSTAL STRUCTURE OF THE HIGHLY DISTORTED CHIMERIC DECAMER R(C)D(CGGCGCCG)R(G)-SPERMINE COMPLEX-SPERMINE BINDING TO PHOSPHATE ONLY AND MINOR GROOVE TERTIARY BASE-PAIRING,Empty_Pocket_1,"",Complete_Pocket
No EC number available,101D,REFINEMENT OF NETROPSIN BOUND TO DNA: BIAS AND FEEDBACK IN ELECTRON DENSITY MAP INTERPRETATION,NT_B_25,"",Complete_Pocket
No EC number available,101D,REFINEMENT OF NETROPSIN BOUND TO DNA: BIAS AND FEEDBACK IN ELECTRON DENSITY MAP INTERPRETATION,Empty_Pocket_2,"",Complete_Pocket
No EC number available,101M,SPERM WHALE MYOGLOBIN F46V N-BUTYL ISOCYANIDE AT PH 9.0,HEM_A_155,"",Complete_Pocket
No EC number available,101M,SPERM WHALE MYOGLOBIN F46V N-BUTYL ISOCYANIDE AT PH 9.0,NBN_A_156,"",Complete_Pocket
No EC number available,102D,SEQUENCE-DEPENDENT DRUG BINDING TO THE MINOR GROOVE OF DNA: THE CRYSTAL STRUCTURE OF THE DNA DODECAMER D(CGCAAATTTGCG) 2 COMPLEXED WITH PROPAMIDINE,TNT_B_25,"",Complete_Pocket
No EC number available,102L,HOW AMINO-ACID INSERTIONS ARE ALLOWED IN AN ALPHA-HELIX OF T4 LYSOZYME,BME_A_901_BME_A_902,"",Complete_Pocket
No EC number available,102L,HOW AMINO-ACID INSERTIONS ARE ALLOWED IN AN ALPHA-HELIX OF T4 LYSOZYME,Empty_Pocket_3,"",Complete_Pocket
No EC number available,102M,SPERM WHALE MYOGLOBIN H64A AQUOMET AT PH 9.0,HEM_A_155,"",Complete_Pocket
No EC number available,103L,HOW AMINO-ACID INSERTIONS ARE ALLOWED IN AN ALPHA-HELIX OF T4 LYSOZYME,Empty_Pocket_4,"",Complete_Pocket
No EC number available,103L,HOW AMINO-ACID INSERTIONS ARE ALLOWED IN AN ALPHA-HELIX OF T4 LYSOZYME,Empty_Pocket_5,"",Complete_Pocket
No EC number available,103M,SPERM WHALE MYOGLOBIN H64A N-BUTYL ISOCYANIDE AT PH 9.0,HEM_A_155,"",Complete_Pocket
No EC number available,103M,SPERM WHALE MYOGLOBIN H64A N-BUTYL ISOCYANIDE AT PH 9.0,NBN_A_156,"",Complete_Pocket
No EC number available,104D,DNA DUPLEXES FLANKED BY HYBRID DUPLEXES: THE SOLUTION STRUCTURE OF CHIMERIC JUNCTIONS IN,Empty_Pocket_6,"",Complete_Pocket
No EC number available,104L,HOW AMINO-ACID INSERTIONS ARE ALLOWED IN AN ALPHA-HELIX OF T4 LYSOZYME,Empty_Pocket_7,"",Complete_Pocket
No EC number available,104L,HOW AMINO-ACID INSERTIONS ARE ALLOWED IN AN ALPHA-HELIX OF T4 LYSOZYME,Empty_Pocket_8,"",Complete_Pocket
No EC number available,104L,HOW AMINO-ACID INSERTIONS ARE ALLOWED IN AN ALPHA-HELIX OF T4 LYSOZYME,Empty_Pocket_9,"",Complete_Pocket
No EC number available,104M,SPERM WHALE MYOGLOBIN N-BUTYL ISOCYANIDE AT PH 7.0,HEM_A_155,"",Complete_Pocket
No EC number available,104M,SPERM WHALE MYOGLOBIN N-BUTYL ISOCYANIDE AT PH 7.0,NBN_A_156,"",Complete_Pocket
No EC number available,105M,SPERM WHALE MYOGLOBIN N-BUTYL ISOCYANIDE AT PH 9.0,HEM_A_155,"",Complete_Pocket
No EC number available,105M,SPERM WHALE MYOGLOBIN N-BUTYL ISOCYANIDE AT PH 9.0,NBN_A_156,"",Complete_Pocket
No EC number available,106M,SPERM WHALE MYOGLOBIN V68F ETHYL ISOCYANIDE AT PH 9.0,HEM_A_155,"",Complete_Pocket
No EC number available,107D,SOLUTION STRUCTURE OF THE COVALENT DUOCARMYCIN A-DNA DUPLEX COMPLEX,Empty_Pocket_10,"",Complete_Pocket
Hydrolase,107L,STRUCTURAL BASIS OF ALPHA-HELIX PROPENSITY AT TWO SITES IN T4 LYSOZYME,Empty_Pocket_11,"",Complete_Pocket
Hydrolase,107L,STRUCTURAL BASIS OF ALPHA-HELIX PROPENSITY AT TWO SITES IN T4 LYSOZYME,BME_A_901_BME_A_902,"",Complete_Pocket
No EC number available,107M,SPERM WHALE MYOGLOBIN V68F N-BUTYL ISOCYANIDE AT PH 9.0,HEM_A_155,"",Complete_Pocket
No EC number available,107M,SPERM WHALE MYOGLOBIN V68F N-BUTYL ISOCYANIDE AT PH 9.0,NBN_A_156,"",Complete_Pocket
No EC number available,108D,THE SOLUTION STRUCTURE OF A DNA COMPLEX WITH THE FLUORESCENT BIS INTERCALATOR TOTO DETERMINED BY NMR SPECTROSCOPY,TOT_A_9,"",Complete_Pocket
Hydrolase,108L,STRUCTURAL BASIS OF ALPHA-HELIX PROPENSITY AT TWO SITES IN T4 LYSOZYME,Empty_Pocket_12,"",Complete_Pocket
Hydrolase,108L,STRUCTURAL BASIS OF ALPHA-HELIX PROPENSITY AT TWO SITES IN T4 LYSOZYME,BME_A_901_BME_A_902,"",Complete_Pocket
No EC number available,108M,SPERM WHALE MYOGLOBIN V68F N-BUTYL ISOCYANIDE AT PH 7.0,HEM_A_155,"",Complete_Pocket
No EC number available,108M,SPERM WHALE MYOGLOBIN V68F N-BUTYL ISOCYANIDE AT PH 7.0,NBN_A_156,"",Complete_Pocket
No EC number available,109D,VARIABILITY IN DNA MINOR GROOVE WIDTH RECOGNISED BY LIGAND BINDING: THE CRYSTAL STRUCTURE OF A BIS-BENZIMIDAZOLE COMPOUND BOUND TO THE DNA DUPLEX D(CGCGAATTCGCG)2,IBB_A_25,"",Complete_Pocket
Hydrolase,109L,STRUCTURAL BASIS OF ALPHA-HELIX PROPENSITY AT TWO SITES IN T4 LYSOZYME,Empty_Pocket_13,"",Complete_Pocket
Hydrolase,109L,STRUCTURAL BASIS OF ALPHA-HELIX PROPENSITY AT TWO SITES IN T4 LYSOZYME,BME_A_901_BME_A_902,"",Complete_Pocket
No EC number available,109M,SPERM WHALE MYOGLOBIN D122N ETHYL ISOCYANIDE AT PH 9.0,HEM_A_155,"",Complete_Pocket
Transferase,10GS,"HUMAN GLUTATHIONE S-TRANSFERASE P1-1, COMPLEX WITH TER117",VWW_A_210,"",Complete_Pocket
Transferase,10GS,"HUMAN GLUTATHIONE S-TRANSFERASE P1-1, COMPLEX WITH TER117",VWW_B_210,"",Complete_Pocket
Transferase,10GS,"HUMAN GLUTATHIONE S-TRANSFERASE P1-1, COMPLEX WITH TER117",MES_A_211,"",Complete_Pocket
Transferase,10GS,"HUMAN GLUTATHIONE S-TRANSFERASE P1-1, COMPLEX WITH TER117",MES_B_211,"",Complete_Pocket
Transferase,10MH,"TERNARY STRUCTURE OF HHAI METHYLTRANSFERASE WITH ADOHCY AND HEMIMETHYLATED DNA CONTAINING 5,6-DIHYDRO-5-AZACYTOSINE AT THE TARGET",SAH_A_328,"",Complete_Pocket
Transferase,10MH,"TERNARY STRUCTURE OF HHAI METHYLTRANSFERASE WITH ADOHCY AND HEMIMETHYLATED DNA CONTAINING 5,6-DIHYDRO-5-AZACYTOSINE AT THE TARGET",Empty_Pocket_14,"",Complete_Pocket
Transferase,10MH,"TERNARY STRUCTURE OF HHAI METHYLTRANSFERASE WITH ADOHCY AND HEMIMETHYLATED DNA CONTAINING 5,6-DIHYDRO-5-AZACYTOSINE AT THE TARGET",Empty_Pocket_15,"",Complete_Pocket
Transferase,10MH,"TERNARY STRUCTURE OF HHAI METHYLTRANSFERASE WITH ADOHCY AND HEMIMETHYLATED DNA CONTAINING 5,6-DIHYDRO-5-AZACYTOSINE AT THE TARGET",Empty_Pocket_16,"",Complete_Pocket
No EC number available,110D,ANTHRACYCLINE-DNA INTERACTIONS AT UNFAVOURABLE BASE BASE- PAIR TRIPLET-BINDING SITES: STRUCTURES OF D(CGGCCG) /DAUNOMYCIN AND D(TGGCCA)/ADRIAMYCIN COMPL,DM1_A_7,"",Complete_Pocket
Hydrolase,110L,STRUCTURAL BASIS OF ALPHA-HELIX PROPENSITY AT TWO SITES IN T4 LYSOZYME,Empty_Pocket_17,"",Complete_Pocket
Hydrolase,110L,STRUCTURAL BASIS OF ALPHA-HELIX PROPENSITY AT TWO SITES IN T4 LYSOZYME,BME_A_901_BME_A_902,"",Complete_Pocket
No EC number available,110M,SPERM WHALE MYOGLOBIN D122N METHYL ISOCYANIDE AT PH 9.0,HEM_A_155,"",Complete_Pocket
No EC number available,111D,CRYSTAL STRUCTURE AND STABILITY OF A DNA DUPLEX CONTAINING A(ANTI).G(SYN) BASE-PAIRS,Empty_Pocket_18,"",Complete_Pocket
No EC number available,111D,CRYSTAL STRUCTURE AND STABILITY OF A DNA DUPLEX CONTAINING A(ANTI).G(SYN) BASE-PAIRS,Empty_Pocket_19,"",Complete_Pocket
Hydrolase,111L,STRUCTURAL BASIS OF ALPHA-HELIX PROPENSITY AT TWO SITES IN T4 LYSOZYME,Empty_Pocket_20,"",Complete_Pocket
Hydrolase,111L,STRUCTURAL BASIS OF ALPHA-HELIX PROPENSITY AT TWO SITES IN T4 LYSOZYME,Empty_Pocket_21,"",Complete_Pocket
No EC number available,111M,SPERM WHALE MYOGLOBIN D122N N-BUTYL ISOCYANIDE AT PH 9.0,HEM_A_155,"",Complete_Pocket
No EC number available,111M,SPERM WHALE MYOGLOBIN D122N N-BUTYL ISOCYANIDE AT PH 9.0,NBN_A_156,"",Complete_Pocket
No EC number available,112D,MOLECULAR STRUCTURE OF THE G.A BASE PAIR IN DNA AND ITS IMPLICATIONS FOR THE MECHANISM OF TRANSVERSION MUTATIONS,Empty_Pocket_22,"",Complete_Pocket
No EC number available,112D,MOLECULAR STRUCTURE OF THE G.A BASE PAIR IN DNA AND ITS IMPLICATIONS FOR THE MECHANISM OF TRANSVERSION MUTATIONS,Empty_Pocket_23,"",Complete_Pocket
No EC number available,112D,MOLECULAR STRUCTURE OF THE G.A BASE PAIR IN DNA AND ITS IMPLICATIONS FOR THE MECHANISM OF TRANSVERSION MUTATIONS,Empty_Pocket_24,"",Complete_Pocket
Hydrolase,112L,STRUCTURAL BASIS OF ALPHA-HELIX PROPENSITY AT TWO SITES IN T4 LYSOZYME,Empty_Pocket_25,"",Complete_Pocket
Hydrolase,112L,STRUCTURAL BASIS OF ALPHA-HELIX PROPENSITY AT TWO SITES IN T4 LYSOZYME,BME_A_901_BME_A_902,"",Complete_Pocket
No EC number available,112M,SPERM WHALE MYOGLOBIN D122N N-PROPYL ISOCYANIDE AT PH 9.0,HEM_A_155,"",Complete_Pocket
No EC number available,113D,THE STRUCTURE OF GUANOSINE-THYMIDINE MISMATCHES IN B-DNA AT 2.5 ANGSTROMS RESOLUTION,Empty_Pocket_26,"",Complete_Pocket
No EC number available,113D,THE STRUCTURE OF GUANOSINE-THYMIDINE MISMATCHES IN B-DNA AT 2.5 ANGSTROMS RESOLUTION,Empty_Pocket_27,"",Complete_Pocket
Hydrolase,113L,STRUCTURAL BASIS OF ALPHA-HELIX PROPENSITY AT TWO SITES IN T4 LYSOZYME,Empty_Pocket_28,"",Complete_Pocket
Hydrolase,113L,STRUCTURAL BASIS OF ALPHA-HELIX PROPENSITY AT TWO SITES IN T4 LYSOZYME,BME_A_901_BME_A_902,"",Complete_Pocket
No EC number available,114D,INOSINE-ADENINE BASE PAIRS IN A B-DNA DUPLEX,Empty_Pocket_29,"",Complete_Pocket
Hydrolase,114L,STRUCTURAL BASIS OF ALPHA-HELIX PROPENSITY AT TWO SITES IN T4 LYSOZYME,Empty_Pocket_30,"",Complete_Pocket
Hydrolase,114L,STRUCTURAL BASIS OF ALPHA-HELIX PROPENSITY AT TWO SITES IN T4 LYSOZYME,BME_A_901_BME_A_902,"",Complete_Pocket
No EC number available,115D,ORDERED WATER STRUCTURE IN AN A-DNA OCTAMER AT 1.7 ANGSTROMS RESOLUTION,Empty_Pocket_31,"",Complete_Pocket
Hydrolase,115L,STRUCTURAL BASIS OF ALPHA-HELIX PROPENSITY AT TWO SITES IN T4 LYSOZYME,Empty_Pocket_32,"",Complete_Pocket
Hydrolase,115L,STRUCTURAL BASIS OF ALPHA-HELIX PROPENSITY AT TWO SITES IN T4 LYSOZYME,BME_A_901_BME_A_902,"",Complete_Pocket
No EC number available,116D,CRYSTAL AND MOLECULAR STRUCTURE OF THE A-DNA DODECAMER D(CCGTACGTACGG): CHOICE OF FRAGMENT HELICAL AXIS,Empty_Pocket_33,"",Complete_Pocket
No EC number available,117D,CRYSTAL AND MOLECULAR STRUCTURE OF THE ALTERNATING DODECAMER D(GCGTACGTACGC) IN THE A-DNA FORM: COMPARISON WITH THE ISOMORPHOUS NON-ALTERNATING DODECAMER D(CCGTACGTACGG),Empty_Pocket_34,"",Complete_Pocket
Hydrolase,117E,THE R78K AND D117E ACTIVE SITE VARIANTS OF SACCHAROMYCES CEREVISIAE SOLUBLE INORGANIC PYROPHOSPHATASE: STRUCTURAL STUDIES AND MECHANISTIC IMPLICATIONS,Empty_Pocket_35,"",Complete_Pocket
Hydrolase,117E,THE R78K AND D117E ACTIVE SITE VARIANTS OF SACCHAROMYCES CEREVISIAE SOLUBLE INORGANIC PYROPHOSPHATASE: STRUCTURAL STUDIES AND MECHANISTIC IMPLICATIONS,Empty_Pocket_36,"",Complete_Pocket
Hydrolase,117E,THE R78K AND D117E ACTIVE SITE VARIANTS OF SACCHAROMYCES CEREVISIAE SOLUBLE INORGANIC PYROPHOSPHATASE: STRUCTURAL STUDIES AND MECHANISTIC IMPLICATIONS,Empty_Pocket_37,"",Complete_Pocket
Hydrolase,117E,THE R78K AND D117E ACTIVE SITE VARIANTS OF SACCHAROMYCES CEREVISIAE SOLUBLE INORGANIC PYROPHOSPHATASE: STRUCTURAL STUDIES AND MECHANISTIC IMPLICATIONS,Empty_Pocket_38,"",Complete_Pocket
No EC number available,118D,CRYSTAL AND MOLECULAR STRUCTURE OF D(GTGCGCAC): INVESTIGATION OF THE EFFECTS OF BASE SEQUENCE ON THE CONFORMATION OF OCTAMER DUPLEXES,Empty_Pocket_39,"",Complete_Pocket
Hydrolase,118L,THE ENERGETIC COST AND THE STRUCTURAL CONSEQUENCES OF BURYING A HYDROXYL GROUP WITHIN THE CORE OF A PROTEIN DETERMINED FROM ALA TO SER AND VAL TO THR SUBSTITUTIONS IN T4 LYSOZYME,Empty_Pocket_40,"",Complete_Pocket
Hydrolase,118L,THE ENERGETIC COST AND THE STRUCTURAL CONSEQUENCES OF BURYING A HYDROXYL GROUP WITHIN THE CORE OF A PROTEIN DETERMINED FROM ALA TO SER AND VAL TO THR SUBSTITUTIONS IN T4 LYSOZYME,BME_A_901_BME_A_902,"",Complete_Pocket
No EC number available,119D,CRYSTAL AND MOLECULAR STRUCTURE OF D(CGTAGATCTACG) AT 2.25 ANGSTROMS RESOLUTION,Empty_Pocket_41,"",Complete_Pocket
No EC number available,119D,CRYSTAL AND MOLECULAR STRUCTURE OF D(CGTAGATCTACG) AT 2.25 ANGSTROMS RESOLUTION,Empty_Pocket_42,"",Complete_Pocket
Hydrolase,119L,THE ENERGETIC COST AND THE STRUCTURAL CONSEQUENCES OF BURYING A HYDROXYL GROUP WITHIN THE CORE OF A PROTEIN DETERMINED FROM ALA TO SER AND VAL TO THR SUBSTITUTIONS IN T4 LYSOZYME,Empty_Pocket_43,"",Complete_Pocket
Hydrolase,119L,THE ENERGETIC COST AND THE STRUCTURAL CONSEQUENCES OF BURYING A HYDROXYL GROUP WITHIN THE CORE OF A PROTEIN DETERMINED FROM ALA TO SER AND VAL TO THR SUBSTITUTIONS IN T4 LYSOZYME,BME_A_901_BME_A_902,"",Complete_Pocket
Ligase,11AS,"ASPARAGINE SYNTHETASE MUTANT C51A, C315A COMPLEXED WITH L-ASPARAGINE",Empty_Pocket_44,"",Complete_Pocket
Ligase,11AS,"ASPARAGINE SYNTHETASE MUTANT C51A, C315A COMPLEXED WITH L-ASPARAGINE",ASN_B_331,"",Complete_Pocket
Ligase,11AS,"ASPARAGINE SYNTHETASE MUTANT C51A, C315A COMPLEXED WITH L-ASPARAGINE",ASN_A_331,"",Complete_Pocket
Ligase,11AS,"ASPARAGINE SYNTHETASE MUTANT C51A, C315A COMPLEXED WITH L-ASPARAGINE",Empty_Pocket_45,"",Complete_Pocket
Hydrolase,11BA,"BINDING OF A SUBSTRATE ANALOGUE TO A DOMAIN SWAPPING PROTEIN IN THE COMPLEX OF BOVINE SEMINAL RIBONUCLEASE WITH URIDYLYL-2',5'-ADENOSINE",UPA_B_126,"",Complete_Pocket
Hydrolase,11BA,"BINDING OF A SUBSTRATE ANALOGUE TO A DOMAIN SWAPPING PROTEIN IN THE COMPLEX OF BOVINE SEMINAL RIBONUCLEASE WITH URIDYLYL-2',5'-ADENOSINE",UPA_A_125,"",Complete_Pocket
Hydrolase,11BG,A POTENTIAL ALLOSTERIC SUBSITE GENERATED BY DOMAIN SWAPPING IN BOVINE SEMINAL RIBONUCLEASE,U2G_A_130,"",Complete_Pocket
Hydrolase,11BG,A POTENTIAL ALLOSTERIC SUBSITE GENERATED BY DOMAIN SWAPPING IN BOVINE SEMINAL RIBONUCLEASE,U2G_A_132,"",Complete_Pocket
Hydrolase,11BG,A POTENTIAL ALLOSTERIC SUBSITE GENERATED BY DOMAIN SWAPPING IN BOVINE SEMINAL RIBONUCLEASE,U2G_A_131,"",Complete_Pocket
Hydrolase,11BG,A POTENTIAL ALLOSTERIC SUBSITE GENERATED BY DOMAIN SWAPPING IN BOVINE SEMINAL RIBONUCLEASE,U2G_B_133,"",Complete_Pocket
Transferase,11GS,GLUTATHIONE S-TRANSFERASE COMPLEXED WITH ETHACRYNIC ACID-GLUTATHIONE CONJUGATE (FORM II),GSH_A_210_EAA_A_211,"",Complete_Pocket
Transferase,11GS,GLUTATHIONE S-TRANSFERASE COMPLEXED WITH ETHACRYNIC ACID-GLUTATHIONE CONJUGATE (FORM II),GSH_B_210_EAA_B_211,"",Complete_Pocket
Transferase,11GS,GLUTATHIONE S-TRANSFERASE COMPLEXED WITH ETHACRYNIC ACID-GLUTATHIONE CONJUGATE (FORM II),MES_A_212,"",Complete_Pocket
Transferase,11GS,GLUTATHIONE S-TRANSFERASE COMPLEXED WITH ETHACRYNIC ACID-GLUTATHIONE CONJUGATE (FORM II),MES_B_212,"",Complete_Pocket
Hydrolase,120L,THE ENERGETIC COST AND THE STRUCTURAL CONSEQUENCES OF BURYING A HYDROXYL GROUP WITHIN THE CORE OF A PROTEIN DETERMINED FROM ALA TO SER AND VAL TO THR SUBSTITUTIONS IN T4 LYSOZYME,Empty_Pocket_46,"",Complete_Pocket
Hydrolase,120L,THE ENERGETIC COST AND THE STRUCTURAL CONSEQUENCES OF BURYING A HYDROXYL GROUP WITHIN THE CORE OF A PROTEIN DETERMINED FROM ALA TO SER AND VAL TO THR SUBSTITUTIONS IN T4 LYSOZYME,BME_A_901_BME_A_902,"",Complete_Pocket
No EC number available,121D,MOLECULAR STRUCTURE OF THE A-TRACT DNA DODECAMER D(CGCAAATTTGCG) COMPLEXED WITH THE MINOR GROOVE BINDING DRUG NETROPSIN,NT_A_25,"",Complete_Pocket
No EC number available,121P,STRUKTUR UND GUANOSINTRIPHOSPHAT-HYDROLYSEMECHANISMUS DES C-TERMINAL VERKUERZTEN MENSCHLICHEN KREBSPROTEINS P21-H-RAS,GCP_A_167,"",Complete_Pocket
No EC number available,121P,STRUKTUR UND GUANOSINTRIPHOSPHAT-HYDROLYSEMECHANISMUS DES C-TERMINAL VERKUERZTEN MENSCHLICHEN KREBSPROTEINS P21-H-RAS,Empty_Pocket_47,"",Complete_Pocket
No EC number available,122D,"DNA HELIX STRUCTURE AND REFINEMENT ALGORITHM: COMPARISON OF MODELS FOR D(CCAGGCM==5==CTGG) DERIVED FROM NUCLSQ, TNT, AND X-PLOR",Empty_Pocket_48,"",Complete_Pocket
No EC number available,122D,"DNA HELIX STRUCTURE AND REFINEMENT ALGORITHM: COMPARISON OF MODELS FOR D(CCAGGCM==5==CTGG) DERIVED FROM NUCLSQ, TNT, AND X-PLOR",Empty_Pocket_49,"",Complete_Pocket
Hydrolase,122L,THE ENERGETIC COST AND THE STRUCTURAL CONSEQUENCES OF BURYING A HYDROXYL GROUP WITHIN THE CORE OF A PROTEIN DETERMINED FROM ALA TO SER AND VAL TO THR SUBSTITUTIONS IN T4 LYSOZYME,Empty_Pocket_50,"",Complete_Pocket
Hydrolase,122L,THE ENERGETIC COST AND THE STRUCTURAL CONSEQUENCES OF BURYING A HYDROXYL GROUP WITHIN THE CORE OF A PROTEIN DETERMINED FROM ALA TO SER AND VAL TO THR SUBSTITUTIONS IN T4 LYSOZYME,BME_A_901_BME_A_902,"",Complete_Pocket
No EC number available,123D,"DNA HELIX STRUCTURE AND REFINEMENT ALGORITHM: COMPARISON OF MODELS FOR D(CCAGGCM==5==CTGG) DERIVED FROM NUCLSQ, TNT, AND X-PLOR",Empty_Pocket_51,"",Complete_Pocket
No EC number available,123D,"DNA HELIX STRUCTURE AND REFINEMENT ALGORITHM: COMPARISON OF MODELS FOR D(CCAGGCM==5==CTGG) DERIVED FROM NUCLSQ, TNT, AND X-PLOR",Empty_Pocket_52,"",Complete_Pocket
Hydrolase,123L,THE ENERGETIC COST AND THE STRUCTURAL CONSEQUENCES OF BURYING A HYDROXYL GROUP WITHIN THE CORE OF A PROTEIN DETERMINED FROM ALA TO SER AND VAL TO THR SUBSTITUTIONS IN T4 LYSOZYME,Empty_Pocket_53,"",Complete_Pocket
Hydrolase,123L,THE ENERGETIC COST AND THE STRUCTURAL CONSEQUENCES OF BURYING A HYDROXYL GROUP WITHIN THE CORE OF A PROTEIN DETERMINED FROM ALA TO SER AND VAL TO THR SUBSTITUTIONS IN T4 LYSOZYME,BME_A_901_BME_A_902,"",Complete_Pocket
No EC number available,124D,STRUCTURE OF A DNA:RNA HYBRID DUPLEX: WHY RNASE H DOES NOT CLEAVE PURE RNA,Empty_Pocket_54,"",Complete_Pocket
Hydrolase,125L,THE ENERGETIC COST AND THE STRUCTURAL CONSEQUENCES OF BURYING A HYDROXYL GROUP WITHIN THE CORE OF A PROTEIN DETERMINED FROM ALA TO SER AND VAL TO THR SUBSTITUTIONS IN T4 LYSOZYME,Empty_Pocket_55,"",Complete_Pocket
Hydrolase,125L,THE ENERGETIC COST AND THE STRUCTURAL CONSEQUENCES OF BURYING A HYDROXYL GROUP WITHIN THE CORE OF A PROTEIN DETERMINED FROM ALA TO SER AND VAL TO THR SUBSTITUTIONS IN T4 LYSOZYME,BME_A_901_BME_A_902,"",Complete_Pocket
No EC number available,126D,CRYSTAL STRUCTURE OF CATGGCCATG AND ITS IMPLICATIONS FOR A- TRACT BENDING MODELS,Empty_Pocket_56,"",Complete_Pocket
Hydrolase,126L,THE ENERGETIC COST AND THE STRUCTURAL CONSEQUENCES OF BURYING A HYDROXYL GROUP WITHIN THE CORE OF A PROTEIN DETERMINED FROM ALA TO SER AND VAL TO THR SUBSTITUTIONS IN T4 LYSOZYME,Empty_Pocket_57,"",Complete_Pocket
Hydrolase,126L,THE ENERGETIC COST AND THE STRUCTURAL CONSEQUENCES OF BURYING A HYDROXYL GROUP WITHIN THE CORE OF A PROTEIN DETERMINED FROM ALA TO SER AND VAL TO THR SUBSTITUTIONS IN T4 LYSOZYME,BME_A_901_BME_A_902,"",Complete_Pocket
No EC number available,127D,DNA (5'-D(*CP*GP*CP*GP*AP*AP*TP*TP*CP*GP*CP*G)-3') COMPLEXED WITH HOECHST 33258,HT_B_25,"",Complete_Pocket
No EC number available,127D,DNA (5'-D(*CP*GP*CP*GP*AP*AP*TP*TP*CP*GP*CP*G)-3') COMPLEXED WITH HOECHST 33258,Empty_Pocket_58,"",Complete_Pocket
Hydrolase,127L,THE ENERGETIC COST AND THE STRUCTURAL CONSEQUENCES OF BURYING A HYDROXYL GROUP WITHIN THE CORE OF A PROTEIN DETERMINED FROM ALA TO SER AND VAL TO THR SUBSTITUTIONS IN T4 LYSOZYME,BME_A_901_BME_A_902,"",Complete_Pocket
Hydrolase,127L,THE ENERGETIC COST AND THE STRUCTURAL CONSEQUENCES OF BURYING A HYDROXYL GROUP WITHIN THE CORE OF A PROTEIN DETERMINED FROM ALA TO SER AND VAL TO THR SUBSTITUTIONS IN T4 LYSOZYME,Empty_Pocket_59,"",Complete_Pocket
No EC number available,128D,MOLECULAR STRUCTURE OF D(CGC[E6G]AATTCGCG) COMPLEXED WITH HOECHST 33258,HT_A_25,"",Complete_Pocket
Hydrolase,128L,THE ENERGETIC COST AND THE STRUCTURAL CONSEQUENCES OF BURYING A HYDROXYL GROUP WITHIN THE CORE OF A PROTEIN DETERMINED FROM ALA TO SER AND VAL TO THR SUBSTITUTIONS IN T4 LYSOZYME,Empty_Pocket_60,"",Complete_Pocket
Hydrolase,128L,THE ENERGETIC COST AND THE STRUCTURAL CONSEQUENCES OF BURYING A HYDROXYL GROUP WITHIN THE CORE OF A PROTEIN DETERMINED FROM ALA TO SER AND VAL TO THR SUBSTITUTIONS IN T4 LYSOZYME,BME_A_901_BME_A_902,"",Complete_Pocket
No EC number available,129D,DNA (5'-D(*CP*GP*CP*GP*AP*AP*TP*TP*CP*GP*CP*G)-3') COMPLEXED WITH HOECHST 33342,HT1_A_25,"",Complete_Pocket
No EC number available,129D,DNA (5'-D(*CP*GP*CP*GP*AP*AP*TP*TP*CP*GP*CP*G)-3') COMPLEXED WITH HOECHST 33342,Empty_Pocket_61,"",Complete_Pocket
Hydrolase,129L,STRUCTURES OF RANDOMLY GENERATED MUTANTS OF T4 LYSOZYME SHOW THAT PROTEIN STABILITY CAN BE ENHANCED BY RELAXATION OF STRAIN AND BY IMPROVED HYDROGEN BONDING VIA BOUND SOLVENT,Empty_Pocket_62,"",Complete_Pocket
Hydrolase,129L,STRUCTURES OF RANDOMLY GENERATED MUTANTS OF T4 LYSOZYME SHOW THAT PROTEIN STABILITY CAN BE ENHANCED BY RELAXATION OF STRAIN AND BY IMPROVED HYDROGEN BONDING VIA BOUND SOLVENT,BME_A_901_BME_A_902,"",Complete_Pocket
Ligase,12AS,"ASPARAGINE SYNTHETASE MUTANT C51A, C315A COMPLEXED WITH L-ASPARAGINE AND AMP",ASN_A_331,"",Complete_Pocket
Ligase,12AS,"ASPARAGINE SYNTHETASE MUTANT C51A, C315A COMPLEXED WITH L-ASPARAGINE AND AMP",AMP_A_332,"",Complete_Pocket
Ligase,12AS,"ASPARAGINE SYNTHETASE MUTANT C51A, C315A COMPLEXED WITH L-ASPARAGINE AND AMP",ASN_B_331,"",Complete_Pocket
Ligase,12AS,"ASPARAGINE SYNTHETASE MUTANT C51A, C315A COMPLEXED WITH L-ASPARAGINE AND AMP",AMP_B_332,"",Complete_Pocket
Lyase,12CA,ALTERING THE MOUTH OF A HYDROPHOBIC POCKET. STRUCTURE AND KINETICS OF HUMAN CARBONIC ANHYDRASE II MUTANTS AT RESIDUE VAL-121,Empty_Pocket_63,"",Complete_Pocket
Lyase,12CA,ALTERING THE MOUTH OF A HYDROPHOBIC POCKET. STRUCTURE AND KINETICS OF HUMAN CARBONIC ANHYDRASE II MUTANTS AT RESIDUE VAL-121,Empty_Pocket_64,"",Complete_Pocket
No EC number available,12E8,2E8 FAB FRAGMENT,Empty_Pocket_65,"",Complete_Pocket
No EC number available,12E8,2E8 FAB FRAGMENT,Empty_Pocket_66,"",Complete_Pocket
No EC number available,12E8,2E8 FAB FRAGMENT,Empty_Pocket_67,"",Complete_Pocket
No EC number available,12E8,2E8 FAB FRAGMENT,Empty_Pocket_68,"",Complete_Pocket
No EC number available,12E8,2E8 FAB FRAGMENT,Empty_Pocket_69,"",Complete_Pocket
No EC number available,12E8,2E8 FAB FRAGMENT,Empty_Pocket_70,"",Complete_Pocket
No EC number available,12E8,2E8 FAB FRAGMENT,Empty_Pocket_71,"",Complete_Pocket
No EC number available,12E8,2E8 FAB FRAGMENT,Empty_Pocket_72,"",Complete_Pocket
Transferase,12GS,GLUTATHIONE S-TRANSFERASE COMPLEXED WITH S-NONYL-GLUTATHIONE,0HH_A_210,"",Complete_Pocket
Transferase,12GS,GLUTATHIONE S-TRANSFERASE COMPLEXED WITH S-NONYL-GLUTATHIONE,0HH_B_210,"",Complete_Pocket
Transferase,12GS,GLUTATHIONE S-TRANSFERASE COMPLEXED WITH S-NONYL-GLUTATHIONE,MES_B_211,"",Complete_Pocket
Transferase,12GS,GLUTATHIONE S-TRANSFERASE COMPLEXED WITH S-NONYL-GLUTATHIONE,MES_A_211,"",Complete_Pocket
No EC number available,130D,MOLECULAR STRUCTURE OF D(CGC[E6G]AATTCGCG) COMPLEXED WITH HOECHST 33342,HT1_B_25,"",Complete_Pocket
Hydrolase,130L,STRUCTURES OF RANDOMLY GENERATED MUTANTS OF T4 LYSOZYME SHOW THAT PROTEIN STABILITY CAN BE ENHANCED BY RELAXATION OF STRAIN AND BY IMPROVED HYDROGEN BONDING VIA BOUND SOLVENT,Empty_Pocket_73,"",Complete_Pocket
Hydrolase,130L,STRUCTURES OF RANDOMLY GENERATED MUTANTS OF T4 LYSOZYME SHOW THAT PROTEIN STABILITY CAN BE ENHANCED BY RELAXATION OF STRAIN AND BY IMPROVED HYDROGEN BONDING VIA BOUND SOLVENT,BME_A_901_BME_A_902,"",Complete_Pocket
No EC number available,131D,THE LOW-TEMPERATURE CRYSTAL STRUCTURE OF THE PURE-SPERMINE FORM OF Z-DNA REVEALS BINDING OF A SPERMINE MOLECULE IN THE MINOR GROOVE,SPM_B_14,"",Complete_Pocket
Hydrolase,131L,STRUCTURES OF RANDOMLY GENERATED MUTANTS OF T4 LYSOZYME SHOW THAT PROTEIN STABILITY CAN BE ENHANCED BY RELAXATION OF STRAIN AND BY IMPROVED HYDROGEN BONDING VIA BOUND SOLVENT,Empty_Pocket_74,"",Complete_Pocket
