[
  {
    "Class": "No EC number available",
    "PDB": "100D",
    "PDB Title": "CRYSTAL STRUCTURE OF THE HIGHLY DISTORTED CHIMERIC DECAMER R(C)D(CGGCGCCG)R(G)-SPERMINE COMPLEX-SPERMINE BINDING TO PHOSPHATE ONLY AND MINOR GROOVE TERTIARY BASE-PAIRING",
    "Pocket": "Empty_Pocket_1",
    "RMSD": "",
    "Result ID": "Complete_Pocket"
  },
  {
    "Class": "No EC number available",
    "PDB": "101D",
    "PDB Title": "REFINEMENT OF NETROPSIN BOUND TO DNA: BIAS AND FEEDBACK IN ELECTRON DENSITY MAP INTERPRETATION",
    "Pocket": "NT_B_25",
    "RMSD": "",
    "Result ID": "Complete_Pocket"
  },
  {
    "Class": "No EC number available",
    "PDB": "101D",
    "PDB Title": "REFINEMENT OF NETROPSIN BOUND TO DNA: BIAS AND FEEDBACK IN ELECTRON DENSITY MAP INTERPRETATION",
    "Pocket": "Empty_Pocket_2",
    "RMSD": "",
    "Result ID": "Complete_Pocket"
  },
  {
    "Class": "No EC number available",
    "PDB": "101M",
    "PDB Title": "SPERM WHALE MYOGLOBIN F46V N-BUTYL ISOCYANIDE AT PH 9.0",
    "Pocket": "HEM_A_155",
    "RMSD": "",
    "Result ID": "Complete_Pocket"
  },
  {
    "Class": "No EC number available",
    "PDB": "101M",
    "PDB Title": "SPERM WHALE MYOGLOBIN F46V N-BUTYL ISOCYANIDE AT PH 9.0",
    "Pocket": "NBN_A_156",
    "RMSD": "",
    "Result ID": "Complete_Pocket"
  },
  {
    "Class": "No EC number available",
    "PDB": "102D",
    "PDB Title": "SEQUENCE-DEPENDENT DRUG BINDING TO THE MINOR GROOVE OF DNA: THE CRYSTAL STRUCTURE OF THE DNA DODECAMER D(CGCAAATTTGCG) 2 COMPLEXED WITH PROPAMIDINE",
    "Pocket": "TNT_B_25",
    "RMSD": "",
    "Result ID": "Complete_Pocket"
  },
  {
    "Class": "No EC number available",
    "PDB": "102L",
    "PDB Title": "HOW AMINO-ACID INSERTIONS ARE ALLOWED IN AN ALPHA-HELIX OF T4 LYSOZYME",
    "Pocket": "BME_A_901_BME_A_902",
    "RMSD": "",
    "Result ID": "Complete_Pocket"
  },
  {
    "Class": "No EC number available",
    "PDB": "102L",
    "PDB Title": "HOW AMINO-ACID INSERTIONS ARE ALLOWED IN AN ALPHA-HELIX OF T4 LYSOZYME",
    "Pocket": "Empty_Pocket_3",
    "RMSD": "",
    "Result ID": "Complete_Pocket"
  },
  {
    "Class": "No EC number available",
    "PDB": "102M",
    "PDB Title": "SPERM WHALE MYOGLOBIN H64A AQUOMET AT PH 9.0",
    "Pocket": "HEM_A_155",
    "RMSD": "",
    "Result ID": "Complete_Pocket"
  },
  {
    "Class": "No EC number available",
    "PDB": "103L",
    "PDB Title": "HOW AMINO-ACID INSERTIONS ARE ALLOWED IN AN ALPHA-HELIX OF T4 LYSOZYME",
    "Pocket": "Empty_Pocket_4",
    "RMSD": "",
    "Result ID": "Complete_Pocket"
  },
  {
    "Class": "No EC number available",
    "PDB": "103L",
    "PDB Title": "HOW AMINO-ACID INSERTIONS ARE ALLOWED IN AN ALPHA-HELIX OF T4 LYSOZYME",
    "Pocket": "Empty_Pocket_5",
    "RMSD": "",
    "Result ID": "Complete_Pocket"
  },
  {
    "Class": "No EC number available",
    "PDB": "103M",
    "PDB Title": "SPERM WHALE MYOGLOBIN H64A N-BUTYL ISOCYANIDE AT PH 9.0",
    "Pocket": "HEM_A_155",
    "RMSD": "",
    "Result ID": "Complete_Pocket"
  },
  {
    "Class": "No EC number available",
    "PDB": "103M",
    "PDB Title": "SPERM WHALE MYOGLOBIN H64A N-BUTYL ISOCYANIDE AT PH 9.0",
    "Pocket": "NBN_A_156",
    "RMSD": "",
    "Result ID": "Complete_Pocket"
  },
  {
    "Class": "No EC number available",
    "PDB": "104D",
    "PDB Title": "DNA DUPLEXES FLANKED BY HYBRID DUPLEXES: THE SOLUTION STRUCTURE OF CHIMERIC JUNCTIONS IN",
    "Pocket": "Empty_Pocket_6",
    "RMSD": "",
    "Result ID": "Complete_Pocket"
  },
  {
    "Class": "No EC number available",
    "PDB": "104L",
    "PDB Title": "HOW AMINO-ACID INSERTIONS ARE ALLOWED IN AN ALPHA-HELIX OF T4 LYSOZYME",
    "Pocket": "Empty_Pocket_7",
    "RMSD": "",
    "Result ID": "Complete_Pocket"
  },
  {
    "Class": "No EC number available",
    "PDB": "104L",
    "PDB Title": "HOW AMINO-ACID INSERTIONS ARE ALLOWED IN AN ALPHA-HELIX OF T4 LYSOZYME",
    "Pocket": "Empty_Pocket_8",
    "RMSD": "",
    "Result ID": "Complete_Pocket"
  },
  {
    "Class": "No EC number available",
    "PDB": "104L",
    "PDB Title": "HOW AMINO-ACID INSERTIONS ARE ALLOWED IN AN ALPHA-HELIX OF T4 LYSOZYME",
    "Pocket": "Empty_Pocket_9",
    "RMSD": "",
    "Result ID": "Complete_Pocket"
  },
  {
    "Class": "No EC number available",
    "PDB": "104M",
    "PDB Title": "SPERM WHALE MYOGLOBIN N-BUTYL ISOCYANIDE AT PH 7.0",
    "Pocket": "HEM_A_155",
    "RMSD": "",
    "Result ID": "Complete_Pocket"
  },
  {
    "Class": "No EC number available",
    "PDB": "104M",
    "PDB Title": "SPERM WHALE MYOGLOBIN N-BUTYL ISOCYANIDE AT PH 7.0",
    "Pocket": "NBN_A_156",
    "RMSD": "",
    "Result ID": "Complete_Pocket"
  },
  {
    "Class": "No EC number available",
    "PDB": "105M",
    "PDB Title": "SPERM WHALE MYOGLOBIN N-BUTYL ISOCYANIDE AT PH 9.0",
    "Pocket": "HEM_A_155",
    "RMSD": "",
    "Result ID": "Complete_Pocket"
  },
  {
    "Class": "No EC number available",
    "PDB": "105M",
    "PDB Title": "SPERM WHALE MYOGLOBIN N-BUTYL ISOCYANIDE AT PH 9.0",
    "Pocket": "NBN_A_156",
    "RMSD": "",
    "Result ID": "Complete_Pocket"
  },
  {
    "Class": "No EC number available",
    "PDB": "106M",
    "PDB Title": "SPERM WHALE MYOGLOBIN V68F ETHYL ISOCYANIDE AT PH 9.0",
    "Pocket": "HEM_A_155",
    "RMSD": "",
    "Result ID": "Complete_Pocket"
  },
  {
    "Class": "No EC number available",
    "PDB": "107D",
    "PDB Title": "SOLUTION STRUCTURE OF THE COVALENT DUOCARMYCIN A-DNA DUPLEX COMPLEX",
    "Pocket": "Empty_Pocket_10",
    "RMSD": "",
    "Result ID": "Complete_Pocket"
  },
  {
    "Class": "Hydrolase",
    "PDB": "107L",
    "PDB Title": "STRUCTURAL BASIS OF ALPHA-HELIX PROPENSITY AT TWO SITES IN T4 LYSOZYME",
    "Pocket": "Empty_Pocket_11",
    "RMSD": "",
    "Result ID": "Complete_Pocket"
  },
  {
    "Class": "Hydrolase",
    "PDB": "107L",
    "PDB Title": "STRUCTURAL BASIS OF ALPHA-HELIX PROPENSITY AT TWO SITES IN T4 LYSOZYME",
    "Pocket": "BME_A_901_BME_A_902",
    "RMSD": "",
    "Result ID": "Complete_Pocket"
  },
  {
    "Class": "No EC number available",
    "PDB": "107M",
    "PDB Title": "SPERM WHALE MYOGLOBIN V68F N-BUTYL ISOCYANIDE AT PH 9.0",
    "Pocket": "HEM_A_155",
    "RMSD": "",
    "Result ID": "Complete_Pocket"
  },
  {
    "Class": "No EC number available",
    "PDB": "107M",
    "PDB Title": "SPERM WHALE MYOGLOBIN V68F N-BUTYL ISOCYANIDE AT PH 9.0",
    "Pocket": "NBN_A_156",
    "RMSD": "",
    "Result ID": "Complete_Pocket"
  },
  {
    "Class": "No EC number available",
    "PDB": "108D",
    "PDB Title": "THE SOLUTION STRUCTURE OF A DNA COMPLEX WITH THE FLUORESCENT BIS INTERCALATOR TOTO DETERMINED BY NMR SPECTROSCOPY",
    "Pocket": "TOT_A_9",
    "RMSD": "",
    "Result ID": "Complete_Pocket"
  },
  {
    "Class": "Hydrolase",
    "PDB": "108L",
    "PDB Title": "STRUCTURAL BASIS OF ALPHA-HELIX PROPENSITY AT TWO SITES IN T4 LYSOZYME",
    "Pocket": "Empty_Pocket_12",
    "RMSD": "",
    "Result ID": "Complete_Pocket"
  },
  {
    "Class": "Hydrolase",
    "PDB": "108L",
    "PDB Title": "STRUCTURAL BASIS OF ALPHA-HELIX PROPENSITY AT TWO SITES IN T4 LYSOZYME",
    "Pocket": "BME_A_901_BME_A_902",
    "RMSD": "",
    "Result ID": "Complete_Pocket"
  },
  {
    "Class": "No EC number available",
    "PDB": "108M",
    "PDB Title": "SPERM WHALE MYOGLOBIN V68F N-BUTYL ISOCYANIDE AT PH 7.0",
    "Pocket": "HEM_A_155",
    "RMSD": "",
    "Result ID": "Complete_Pocket"
  },
  {
    "Class": "No EC number available",
    "PDB": "108M",
    "PDB Title": "SPERM WHALE MYOGLOBIN V68F N-BUTYL ISOCYANIDE AT PH 7.0",
    "Pocket": "NBN_A_156",
    "RMSD": "",
    "Result ID": "Complete_Pocket"
  },
  {
    "Class": "No EC number available",
    "PDB": "109D",
    "PDB Title": "VARIABILITY IN DNA MINOR GROOVE WIDTH RECOGNISED BY LIGAND BINDING: THE CRYSTAL STRUCTURE OF A BIS-BENZIMIDAZOLE COMPOUND BOUND TO THE DNA DUPLEX D(CGCGAATTCGCG)2",
    "Pocket": "IBB_A_25",
    "RMSD": "",
    "Result ID": "Complete_Pocket"
  },
  {
    "Class": "Hydrolase",
    "PDB": "109L",
    "PDB Title": "STRUCTURAL BASIS OF ALPHA-HELIX PROPENSITY AT TWO SITES IN T4 LYSOZYME",
    "Pocket": "Empty_Pocket_13",
    "RMSD": "",
    "Result ID": "Complete_Pocket"
  },
  {
    "Class": "Hydrolase",
    "PDB": "109L",
    "PDB Title": "STRUCTURAL BASIS OF ALPHA-HELIX PROPENSITY AT TWO SITES IN T4 LYSOZYME",
    "Pocket": "BME_A_901_BME_A_902",
    "RMSD": "",
    "Result ID": "Complete_Pocket"
  },
  {
    "Class": "No EC number available",
    "PDB": "109M",
    "PDB Title": "SPERM WHALE MYOGLOBIN D122N ETHYL ISOCYANIDE AT PH 9.0",
    "Pocket": "HEM_A_155",
    "RMSD": "",
    "Result ID": "Complete_Pocket"
  },
  {
    "Class": "Transferase",
    "PDB": "10GS",
    "PDB Title": "HUMAN GLUTATHIONE S-TRANSFERASE P1-1, COMPLEX WITH TER117",
    "Pocket": "VWW_A_210",
    "RMSD": "",
    "Result ID": "Complete_Pocket"
  },
  {
    "Class": "Transferase",
    "PDB": "10GS",
    "PDB Title": "HUMAN GLUTATHIONE S-TRANSFERASE P1-1, COMPLEX WITH TER117",
    "Pocket": "VWW_B_210",
    "RMSD": "",
    "Result ID": "Complete_Pocket"
  },
  {
    "Class": "Transferase",
    "PDB": "10GS",
    "PDB Title": "HUMAN GLUTATHIONE S-TRANSFERASE P1-1, COMPLEX WITH TER117",
    "Pocket": "MES_A_211",
    "RMSD": "",
    "Result ID": "Complete_Pocket"
  },
  {
    "Class": "Transferase",
    "PDB": "10GS",
    "PDB Title": "HUMAN GLUTATHIONE S-TRANSFERASE P1-1, COMPLEX WITH TER117",
    "Pocket": "MES_B_211",
    "RMSD": "",
    "Result ID": "Complete_Pocket"
  },
  {
    "Class": "Transferase",
    "PDB": "10MH",
    "PDB Title": "TERNARY STRUCTURE OF HHAI METHYLTRANSFERASE WITH ADOHCY AND HEMIMETHYLATED DNA CONTAINING 5,6-DIHYDRO-5-AZACYTOSINE AT THE TARGET",
    "Pocket": "SAH_A_328",
    "RMSD": "",
    "Result ID": "Complete_Pocket"
  },
  {
    "Class": "Transferase",
    "PDB": "10MH",
    "PDB Title": "TERNARY STRUCTURE OF HHAI METHYLTRANSFERASE WITH ADOHCY AND HEMIMETHYLATED DNA CONTAINING 5,6-DIHYDRO-5-AZACYTOSINE AT THE TARGET",
    "Pocket": "Empty_Pocket_14",
    "RMSD": "",
    "Result ID": "Complete_Pocket"
  },
  {
    "Class": "Transferase",
    "PDB": "10MH",
    "PDB Title": "TERNARY STRUCTURE OF HHAI METHYLTRANSFERASE WITH ADOHCY AND HEMIMETHYLATED DNA CONTAINING 5,6-DIHYDRO-5-AZACYTOSINE AT THE TARGET",
    "Pocket": "Empty_Pocket_15",
    "RMSD": "",
    "Result ID": "Complete_Pocket"
  },
  {
    "Class": "Transferase",
    "PDB": "10MH",
    "PDB Title": "TERNARY STRUCTURE OF HHAI METHYLTRANSFERASE WITH ADOHCY AND HEMIMETHYLATED DNA CONTAINING 5,6-DIHYDRO-5-AZACYTOSINE AT THE TARGET",
    "Pocket": "Empty_Pocket_16",
    "RMSD": "",
    "Result ID": "Complete_Pocket"
  },
  {
    "Class": "No EC number available",
    "PDB": "110D",
    "PDB Title": "ANTHRACYCLINE-DNA INTERACTIONS AT UNFAVOURABLE BASE BASE- PAIR TRIPLET-BINDING SITES: STRUCTURES OF D(CGGCCG) /DAUNOMYCIN AND D(TGGCCA)/ADRIAMYCIN COMPL",
    "Pocket": "DM1_A_7",
    "RMSD": "",
    "Result ID": "Complete_Pocket"
  },
  {
    "Class": "Hydrolase",
    "PDB": "110L",
    "PDB Title": "STRUCTURAL BASIS OF ALPHA-HELIX PROPENSITY AT TWO SITES IN T4 LYSOZYME",
    "Pocket": "Empty_Pocket_17",
    "RMSD": "",
    "Result ID": "Complete_Pocket"
  },
  {
    "Class": "Hydrolase",
    "PDB": "110L",
    "PDB Title": "STRUCTURAL BASIS OF ALPHA-HELIX PROPENSITY AT TWO SITES IN T4 LYSOZYME",
    "Pocket": "BME_A_901_BME_A_902",
    "RMSD": "",
    "Result ID": "Complete_Pocket"
  },
  {
    "Class": "No EC number available",
    "PDB": "110M",
    "PDB Title": "SPERM WHALE MYOGLOBIN D122N METHYL ISOCYANIDE AT PH 9.0",
    "Pocket": "HEM_A_155",
    "RMSD": "",
    "Result ID": "Complete_Pocket"
  },
  {
    "Class": "No EC number available",
    "PDB": "111D",
    "PDB Title": "CRYSTAL STRUCTURE AND STABILITY OF A DNA DUPLEX CONTAINING A(ANTI).G(SYN) BASE-PAIRS",
    "Pocket": "Empty_Pocket_18",
    "RMSD": "",
    "Result ID": "Complete_Pocket"
  },
  {
    "Class": "No EC number available",
    "PDB": "111D",
    "PDB Title": "CRYSTAL STRUCTURE AND STABILITY OF A DNA DUPLEX CONTAINING A(ANTI).G(SYN) BASE-PAIRS",
    "Pocket": "Empty_Pocket_19",
    "RMSD": "",
    "Result ID": "Complete_Pocket"
  },
  {
    "Class": "Hydrolase",
    "PDB": "111L",
    "PDB Title": "STRUCTURAL BASIS OF ALPHA-HELIX PROPENSITY AT TWO SITES IN T4 LYSOZYME",
    "Pocket": "Empty_Pocket_20",
    "RMSD": "",
    "Result ID": "Complete_Pocket"
  },
  {
    "Class": "Hydrolase",
    "PDB": "111L",
    "PDB Title": "STRUCTURAL BASIS OF ALPHA-HELIX PROPENSITY AT TWO SITES IN T4 LYSOZYME",
    "Pocket": "Empty_Pocket_21",
    "RMSD": "",
    "Result ID": "Complete_Pocket"
  },
  {
    "Class": "No EC number available",
    "PDB": "111M",
    "PDB Title": "SPERM WHALE MYOGLOBIN D122N N-BUTYL ISOCYANIDE AT PH 9.0",
    "Pocket": "HEM_A_155",
    "RMSD": "",
    "Result ID": "Complete_Pocket"
  },
  {
    "Class": "No EC number available",
    "PDB": "111M",
    "PDB Title": "SPERM WHALE MYOGLOBIN D122N N-BUTYL ISOCYANIDE AT PH 9.0",
    "Pocket": "NBN_A_156",
    "RMSD": "",
    "Result ID": "Complete_Pocket"
  },
  {
    "Class": "No EC number available",
    "PDB": "112D",
    "PDB Title": "MOLECULAR STRUCTURE OF THE G.A BASE PAIR IN DNA AND ITS IMPLICATIONS FOR THE MECHANISM OF TRANSVERSION MUTATIONS",
    "Pocket": "Empty_Pocket_22",
    "RMSD": "",
    "Result ID": "Complete_Pocket"
  },
  {
    "Class": "No EC number available",
    "PDB": "112D",
    "PDB Title": "MOLECULAR STRUCTURE OF THE G.A BASE PAIR IN DNA AND ITS IMPLICATIONS FOR THE MECHANISM OF TRANSVERSION MUTATIONS",
    "Pocket": "Empty_Pocket_23",
    "RMSD": "",
    "Result ID": "Complete_Pocket"
  },
  {
    "Class": "No EC number available",
    "PDB": "112D",
    "PDB Title": "MOLECULAR STRUCTURE OF THE G.A BASE PAIR IN DNA AND ITS IMPLICATIONS FOR THE MECHANISM OF TRANSVERSION MUTATIONS",
    "Pocket": "Empty_Pocket_24",
    "RMSD": "",
    "Result ID": "Complete_Pocket"
  },
  {
    "Class": "Hydrolase",
    "PDB": "112L",
    "PDB Title": "STRUCTURAL BASIS OF ALPHA-HELIX PROPENSITY AT TWO SITES IN T4 LYSOZYME",
    "Pocket": "Empty_Pocket_25",
    "RMSD": "",
    "Result ID": "Complete_Pocket"
  },
  {
    "Class": "Hydrolase",
    "PDB": "112L",
    "PDB Title": "STRUCTURAL BASIS OF ALPHA-HELIX PROPENSITY AT TWO SITES IN T4 LYSOZYME",
    "Pocket": "BME_A_901_BME_A_902",
    "RMSD": "",
    "Result ID": "Complete_Pocket"
  },
  {
    "Class": "No EC number available",
    "PDB": "112M",
    "PDB Title": "SPERM WHALE MYOGLOBIN D122N N-PROPYL ISOCYANIDE AT PH 9.0",
    "Pocket": "HEM_A_155",
    "RMSD": "",
    "Result ID": "Complete_Pocket"
  },
  {
    "Class": "No EC number available",
    "PDB": "113D",
    "PDB Title": "THE STRUCTURE OF GUANOSINE-THYMIDINE MISMATCHES IN B-DNA AT 2.5 ANGSTROMS RESOLUTION",
    "Pocket": "Empty_Pocket_26",
    "RMSD": "",
    "Result ID": "Complete_Pocket"
  },
  {
    "Class": "No EC number available",
    "PDB": "113D",
    "PDB Title": "THE STRUCTURE OF GUANOSINE-THYMIDINE MISMATCHES IN B-DNA AT 2.5 ANGSTROMS RESOLUTION",
    "Pocket": "Empty_Pocket_27",
    "RMSD": "",
    "Result ID": "Complete_Pocket"
  },
  {
    "Class": "Hydrolase",
    "PDB": "113L",
    "PDB Title": "STRUCTURAL BASIS OF ALPHA-HELIX PROPENSITY AT TWO SITES IN T4 LYSOZYME",
    "Pocket": "Empty_Pocket_28",
    "RMSD": "",
    "Result ID": "Complete_Pocket"
  },
  {
    "Class": "Hydrolase",
    "PDB": "113L",
    "PDB Title": "STRUCTURAL BASIS OF ALPHA-HELIX PROPENSITY AT TWO SITES IN T4 LYSOZYME",
    "Pocket": "BME_A_901_BME_A_902",
    "RMSD": "",
    "Result ID": "Complete_Pocket"
  },
  {
    "Class": "No EC number available",
    "PDB": "114D",
    "PDB Title": "INOSINE-ADENINE BASE PAIRS IN A B-DNA DUPLEX",
    "Pocket": "Empty_Pocket_29",
    "RMSD": "",
    "Result ID": "Complete_Pocket"
  },
  {
    "Class": "Hydrolase",
    "PDB": "114L",
    "PDB Title": "STRUCTURAL BASIS OF ALPHA-HELIX PROPENSITY AT TWO SITES IN T4 LYSOZYME",
    "Pocket": "Empty_Pocket_30",
    "RMSD": "",
    "Result ID": "Complete_Pocket"
  },
  {
    "Class": "Hydrolase",
    "PDB": "114L",
    "PDB Title": "STRUCTURAL BASIS OF ALPHA-HELIX PROPENSITY AT TWO SITES IN T4 LYSOZYME",
    "Pocket": "BME_A_901_BME_A_902",
    "RMSD": "",
    "Result ID": "Complete_Pocket"
  },
  {
    "Class": "No EC number available",
    "PDB": "115D",
    "PDB Title": "ORDERED WATER STRUCTURE IN AN A-DNA OCTAMER AT 1.7 ANGSTROMS RESOLUTION",
    "Pocket": "Empty_Pocket_31",
    "RMSD": "",
    "Result ID": "Complete_Pocket"
  },
  {
    "Class": "Hydrolase",
    "PDB": "115L",
    "PDB Title": "STRUCTURAL BASIS OF ALPHA-HELIX PROPENSITY AT TWO SITES IN T4 LYSOZYME",
    "Pocket": "Empty_Pocket_32",
    "RMSD": "",
    "Result ID": "Complete_Pocket"
  },
  {
    "Class": "Hydrolase",
    "PDB": "115L",
    "PDB Title": "STRUCTURAL BASIS OF ALPHA-HELIX PROPENSITY AT TWO SITES IN T4 LYSOZYME",
    "Pocket": "BME_A_901_BME_A_902",
    "RMSD": "",
    "Result ID": "Complete_Pocket"
  },
  {
    "Class": "No EC number available",
    "PDB": "116D",
    "PDB Title": "CRYSTAL AND MOLECULAR STRUCTURE OF THE A-DNA DODECAMER D(CCGTACGTACGG): CHOICE OF FRAGMENT HELICAL AXIS",
    "Pocket": "Empty_Pocket_33",
    "RMSD": "",
    "Result ID": "Complete_Pocket"
  },
  {
    "Class": "No EC number available",
    "PDB": "117D",
    "PDB Title": "CRYSTAL AND MOLECULAR STRUCTURE OF THE ALTERNATING DODECAMER D(GCGTACGTACGC) IN THE A-DNA FORM: COMPARISON WITH THE ISOMORPHOUS NON-ALTERNATING DODECAMER D(CCGTACGTACGG)",
    "Pocket": "Empty_Pocket_34",
    "RMSD": "",
    "Result ID": "Complete_Pocket"
  },
  {
    "Class": "Hydrolase",
    "PDB": "117E",
    "PDB Title": "THE R78K AND D117E ACTIVE SITE VARIANTS OF SACCHAROMYCES CEREVISIAE SOLUBLE INORGANIC PYROPHOSPHATASE: STRUCTURAL STUDIES AND MECHANISTIC IMPLICATIONS",
    "Pocket": "Empty_Pocket_35",
    "RMSD": "",
    "Result ID": "Complete_Pocket"
  },
  {
    "Class": "Hydrolase",
    "PDB": "117E",
    "PDB Title": "THE R78K AND D117E ACTIVE SITE VARIANTS OF SACCHAROMYCES CEREVISIAE SOLUBLE INORGANIC PYROPHOSPHATASE: STRUCTURAL STUDIES AND MECHANISTIC IMPLICATIONS",
    "Pocket": "Empty_Pocket_36",
    "RMSD": "",
    "Result ID": "Complete_Pocket"
  },
  {
    "Class": "Hydrolase",
    "PDB": "117E",
    "PDB Title": "THE R78K AND D117E ACTIVE SITE VARIANTS OF SACCHAROMYCES CEREVISIAE SOLUBLE INORGANIC PYROPHOSPHATASE: STRUCTURAL STUDIES AND MECHANISTIC IMPLICATIONS",
    "Pocket": "Empty_Pocket_37",
    "RMSD": "",
    "Result ID": "Complete_Pocket"
  },
  {
    "Class": "Hydrolase",
    "PDB": "117E",
    "PDB Title": "THE R78K AND D117E ACTIVE SITE VARIANTS OF SACCHAROMYCES CEREVISIAE SOLUBLE INORGANIC PYROPHOSPHATASE: STRUCTURAL STUDIES AND MECHANISTIC IMPLICATIONS",
    "Pocket": "Empty_Pocket_38",
    "RMSD": "",
    "Result ID": "Complete_Pocket"
  },
  {
    "Class": "No EC number available",
    "PDB": "118D",
    "PDB Title": "CRYSTAL AND MOLECULAR STRUCTURE OF D(GTGCGCAC): INVESTIGATION OF THE EFFECTS OF BASE SEQUENCE ON THE CONFORMATION OF OCTAMER DUPLEXES",
    "Pocket": "Empty_Pocket_39",
    "RMSD": "",
    "Result ID": "Complete_Pocket"
  },
  {
    "Class": "Hydrolase",
    "PDB": "118L",
    "PDB Title": "THE ENERGETIC COST AND THE STRUCTURAL CONSEQUENCES OF BURYING A HYDROXYL GROUP WITHIN THE CORE OF A PROTEIN DETERMINED FROM ALA TO SER AND VAL TO THR SUBSTITUTIONS IN T4 LYSOZYME",
    "Pocket": "Empty_Pocket_40",
    "RMSD": "",
    "Result ID": "Complete_Pocket"
  },
  {
    "Class": "Hydrolase",
    "PDB": "118L",
    "PDB Title": "THE ENERGETIC COST AND THE STRUCTURAL CONSEQUENCES OF BURYING A HYDROXYL GROUP WITHIN THE CORE OF A PROTEIN DETERMINED FROM ALA TO SER AND VAL TO THR SUBSTITUTIONS IN T4 LYSOZYME",
    "Pocket": "BME_A_901_BME_A_902",
    "RMSD": "",
    "Result ID": "Complete_Pocket"
  },
  {
    "Class": "No EC number available",
    "PDB": "119D",
    "PDB Title": "CRYSTAL AND MOLECULAR STRUCTURE OF D(CGTAGATCTACG) AT 2.25 ANGSTROMS RESOLUTION",
    "Pocket": "Empty_Pocket_41",
    "RMSD": "",
    "Result ID": "Complete_Pocket"
  },
  {
    "Class": "No EC number available",
    "PDB": "119D",
    "PDB Title": "CRYSTAL AND MOLECULAR STRUCTURE OF D(CGTAGATCTACG) AT 2.25 ANGSTROMS RESOLUTION",
    "Pocket": "Empty_Pocket_42",
    "RMSD": "",
    "Result ID": "Complete_Pocket"
  },
  {
    "Class": "Hydrolase",
    "PDB": "119L",
    "PDB Title": "THE ENERGETIC COST AND THE STRUCTURAL CONSEQUENCES OF BURYING A HYDROXYL GROUP WITHIN THE CORE OF A PROTEIN DETERMINED FROM ALA TO SER AND VAL TO THR SUBSTITUTIONS IN T4 LYSOZYME",
    "Pocket": "Empty_Pocket_43",
    "RMSD": "",
    "Result ID": "Complete_Pocket"
  },
  {
    "Class": "Hydrolase",
    "PDB": "119L",
    "PDB Title": "THE ENERGETIC COST AND THE STRUCTURAL CONSEQUENCES OF BURYING A HYDROXYL GROUP WITHIN THE CORE OF A PROTEIN DETERMINED FROM ALA TO SER AND VAL TO THR SUBSTITUTIONS IN T4 LYSOZYME",
    "Pocket": "BME_A_901_BME_A_902",
    "RMSD": "",
    "Result ID": "Complete_Pocket"
  },
  {
    "Class": "Ligase",
    "PDB": "11AS",
    "PDB Title": "ASPARAGINE SYNTHETASE MUTANT C51A, C315A COMPLEXED WITH L-ASPARAGINE",
    "Pocket": "Empty_Pocket_44",
    "RMSD": "",
    "Result ID": "Complete_Pocket"
  },
  {
    "Class": "Ligase",
    "PDB": "11AS",
    "PDB Title": "ASPARAGINE SYNTHETASE MUTANT C51A, C315A COMPLEXED WITH L-ASPARAGINE",
    "Pocket": "ASN_B_331",
    "RMSD": "",
    "Result ID": "Complete_Pocket"
  },
  {
    "Class": "Ligase",
    "PDB": "11AS",
    "PDB Title": "ASPARAGINE SYNTHETASE MUTANT C51A, C315A COMPLEXED WITH L-ASPARAGINE",
    "Pocket": "ASN_A_331",
    "RMSD": "",
    "Result ID": "Complete_Pocket"
  },
  {
    "Class": "Ligase",
    "PDB": "11AS",
    "PDB Title": "ASPARAGINE SYNTHETASE MUTANT C51A, C315A COMPLEXED WITH L-ASPARAGINE",
    "Pocket": "Empty_Pocket_45",
    "RMSD": "",
    "Result ID": "Complete_Pocket"
  },
  {
    "Class": "Hydrolase",
    "PDB": "11BA",
    "PDB Title": "BINDING OF A SUBSTRATE ANALOGUE TO A DOMAIN SWAPPING PROTEIN IN THE COMPLEX OF BOVINE SEMINAL RIBONUCLEASE WITH URIDYLYL-2',5'-ADENOSINE",
    "Pocket": "UPA_B_126",
    "RMSD": "",
    "Result ID": "Complete_Pocket"
  },
  {
    "Class": "Hydrolase",
    "PDB": "11BA",
    "PDB Title": "BINDING OF A SUBSTRATE ANALOGUE TO A DOMAIN SWAPPING PROTEIN IN THE COMPLEX OF BOVINE SEMINAL RIBONUCLEASE WITH URIDYLYL-2',5'-ADENOSINE",
    "Pocket": "UPA_A_125",
    "RMSD": "",
    "Result ID": "Complete_Pocket"
  },
  {
    "Class": "Hydrolase",
    "PDB": "11BG",
    "PDB Title": "A POTENTIAL ALLOSTERIC SUBSITE GENERATED BY DOMAIN SWAPPING IN BOVINE SEMINAL RIBONUCLEASE",
    "Pocket": "U2G_A_130",
    "RMSD": "",
    "Result ID": "Complete_Pocket"
  },
  {
    "Class": "Hydrolase",
    "PDB": "11BG",
    "PDB Title": "A POTENTIAL ALLOSTERIC SUBSITE GENERATED BY DOMAIN SWAPPING IN BOVINE SEMINAL RIBONUCLEASE",
    "Pocket": "U2G_A_132",
    "RMSD": "",
    "Result ID": "Complete_Pocket"
  },
  {
    "Class": "Hydrolase",
    "PDB": "11BG",
    "PDB Title": "A POTENTIAL ALLOSTERIC SUBSITE GENERATED BY DOMAIN SWAPPING IN BOVINE SEMINAL RIBONUCLEASE",
    "Pocket": "U2G_A_131",
    "RMSD": "",
    "Result ID": "Complete_Pocket"
  },
  {
    "Class": "Hydrolase",
    "PDB": "11BG",
    "PDB Title": "A POTENTIAL ALLOSTERIC SUBSITE GENERATED BY DOMAIN SWAPPING IN BOVINE SEMINAL RIBONUCLEASE",
    "Pocket": "U2G_B_133",
    "RMSD": "",
    "Result ID": "Complete_Pocket"
  },
  {
    "Class": "Transferase",
    "PDB": "11GS",
    "PDB Title": "GLUTATHIONE S-TRANSFERASE COMPLEXED WITH ETHACRYNIC ACID-GLUTATHIONE CONJUGATE (FORM II)",
    "Pocket": "GSH_A_210_EAA_A_211",
    "RMSD": "",
    "Result ID": "Complete_Pocket"
  },
  {
    "Class": "Transferase",
    "PDB": "11GS",
    "PDB Title": "GLUTATHIONE S-TRANSFERASE COMPLEXED WITH ETHACRYNIC ACID-GLUTATHIONE CONJUGATE (FORM II)",
    "Pocket": "GSH_B_210_EAA_B_211",
    "RMSD": "",
    "Result ID": "Complete_Pocket"
  },
  {
    "Class": "Transferase",
    "PDB": "11GS",
    "PDB Title": "GLUTATHIONE S-TRANSFERASE COMPLEXED WITH ETHACRYNIC ACID-GLUTATHIONE CONJUGATE (FORM II)",
    "Pocket": "MES_A_212",
    "RMSD": "",
    "Result ID": "Complete_Pocket"
  },
  {
    "Class": "Transferase",
    "PDB": "11GS",
    "PDB Title": "GLUTATHIONE S-TRANSFERASE COMPLEXED WITH ETHACRYNIC ACID-GLUTATHIONE CONJUGATE (FORM II)",
    "Pocket": "MES_B_212",
    "RMSD": "",
    "Result ID": "Complete_Pocket"
  },
  {
    "Class": "Hydrolase",
    "PDB": "120L",
    "PDB Title": "THE ENERGETIC COST AND THE STRUCTURAL CONSEQUENCES OF BURYING A HYDROXYL GROUP WITHIN THE CORE OF A PROTEIN DETERMINED FROM ALA TO SER AND VAL TO THR SUBSTITUTIONS IN T4 LYSOZYME",
    "Pocket": "Empty_Pocket_46",
    "RMSD": "",
    "Result ID": "Complete_Pocket"
  },
  {
    "Class": "Hydrolase",
    "PDB": "120L",
    "PDB Title": "THE ENERGETIC COST AND THE STRUCTURAL CONSEQUENCES OF BURYING A HYDROXYL GROUP WITHIN THE CORE OF A PROTEIN DETERMINED FROM ALA TO SER AND VAL TO THR SUBSTITUTIONS IN T4 LYSOZYME",
    "Pocket": "BME_A_901_BME_A_902",
    "RMSD": "",
    "Result ID": "Complete_Pocket"
  },
  {
    "Class": "No EC number available",
    "PDB": "121D",
    "PDB Title": "MOLECULAR STRUCTURE OF THE A-TRACT DNA DODECAMER D(CGCAAATTTGCG) COMPLEXED WITH THE MINOR GROOVE BINDING DRUG NETROPSIN",
    "Pocket": "NT_A_25",
    "RMSD": "",
    "Result ID": "Complete_Pocket"
  },
  {
    "Class": "No EC number available",
    "PDB": "121P",
    "PDB Title": "STRUKTUR UND GUANOSINTRIPHOSPHAT-HYDROLYSEMECHANISMUS DES C-TERMINAL VERKUERZTEN MENSCHLICHEN KREBSPROTEINS P21-H-RAS",
    "Pocket": "GCP_A_167",
    "RMSD": "",
    "Result ID": "Complete_Pocket"
  },
  {
    "Class": "No EC number available",
    "PDB": "121P",
    "PDB Title": "STRUKTUR UND GUANOSINTRIPHOSPHAT-HYDROLYSEMECHANISMUS DES C-TERMINAL VERKUERZTEN MENSCHLICHEN KREBSPROTEINS P21-H-RAS",
    "Pocket": "Empty_Pocket_47",
    "RMSD": "",
    "Result ID": "Complete_Pocket"
  },
  {
    "Class": "No EC number available",
    "PDB": "122D",
    "PDB Title": "DNA HELIX STRUCTURE AND REFINEMENT ALGORITHM: COMPARISON OF MODELS FOR D(CCAGGCM==5==CTGG) DERIVED FROM NUCLSQ, TNT, AND X-PLOR",
    "Pocket": "Empty_Pocket_48",
    "RMSD": "",
    "Result ID": "Complete_Pocket"
  },
  {
    "Class": "No EC number available",
    "PDB": "122D",
    "PDB Title": "DNA HELIX STRUCTURE AND REFINEMENT ALGORITHM: COMPARISON OF MODELS FOR D(CCAGGCM==5==CTGG) DERIVED FROM NUCLSQ, TNT, AND X-PLOR",
    "Pocket": "Empty_Pocket_49",
    "RMSD": "",
    "Result ID": "Complete_Pocket"
  },
  {
    "Class": "Hydrolase",
    "PDB": "122L",
    "PDB Title": "THE ENERGETIC COST AND THE STRUCTURAL CONSEQUENCES OF BURYING A HYDROXYL GROUP WITHIN THE CORE OF A PROTEIN DETERMINED FROM ALA TO SER AND VAL TO THR SUBSTITUTIONS IN T4 LYSOZYME",
    "Pocket": "Empty_Pocket_50",
    "RMSD": "",
    "Result ID": "Complete_Pocket"
  },
  {
    "Class": "Hydrolase",
    "PDB": "122L",
    "PDB Title": "THE ENERGETIC COST AND THE STRUCTURAL CONSEQUENCES OF BURYING A HYDROXYL GROUP WITHIN THE CORE OF A PROTEIN DETERMINED FROM ALA TO SER AND VAL TO THR SUBSTITUTIONS IN T4 LYSOZYME",
    "Pocket": "BME_A_901_BME_A_902",
    "RMSD": "",
    "Result ID": "Complete_Pocket"
  },
  {
    "Class": "No EC number available",
    "PDB": "123D",
    "PDB Title": "DNA HELIX STRUCTURE AND REFINEMENT ALGORITHM: COMPARISON OF MODELS FOR D(CCAGGCM==5==CTGG) DERIVED FROM NUCLSQ, TNT, AND X-PLOR",
    "Pocket": "Empty_Pocket_51",
    "RMSD": "",
    "Result ID": "Complete_Pocket"
  },
  {
    "Class": "No EC number available",
    "PDB": "123D",
    "PDB Title": "DNA HELIX STRUCTURE AND REFINEMENT ALGORITHM: COMPARISON OF MODELS FOR D(CCAGGCM==5==CTGG) DERIVED FROM NUCLSQ, TNT, AND X-PLOR",
    "Pocket": "Empty_Pocket_52",
    "RMSD": "",
    "Result ID": "Complete_Pocket"
  },
  {
    "Class": "Hydrolase",
    "PDB": "123L",
    "PDB Title": "THE ENERGETIC COST AND THE STRUCTURAL CONSEQUENCES OF BURYING A HYDROXYL GROUP WITHIN THE CORE OF A PROTEIN DETERMINED FROM ALA TO SER AND VAL TO THR SUBSTITUTIONS IN T4 LYSOZYME",
    "Pocket": "Empty_Pocket_53",
    "RMSD": "",
    "Result ID": "Complete_Pocket"
  },
  {
    "Class": "Hydrolase",
    "PDB": "123L",
    "PDB Title": "THE ENERGETIC COST AND THE STRUCTURAL CONSEQUENCES OF BURYING A HYDROXYL GROUP WITHIN THE CORE OF A PROTEIN DETERMINED FROM ALA TO SER AND VAL TO THR SUBSTITUTIONS IN T4 LYSOZYME",
    "Pocket": "BME_A_901_BME_A_902",
    "RMSD": "",
    "Result ID": "Complete_Pocket"
  },
  {
    "Class": "No EC number available",
    "PDB": "124D",
    "PDB Title": "STRUCTURE OF A DNA:RNA HYBRID DUPLEX: WHY RNASE H DOES NOT CLEAVE PURE RNA",
    "Pocket": "Empty_Pocket_54",
    "RMSD": "",
    "Result ID": "Complete_Pocket"
  },
  {
    "Class": "Hydrolase",
    "PDB": "125L",
    "PDB Title": "THE ENERGETIC COST AND THE STRUCTURAL CONSEQUENCES OF BURYING A HYDROXYL GROUP WITHIN THE CORE OF A PROTEIN DETERMINED FROM ALA TO SER AND VAL TO THR SUBSTITUTIONS IN T4 LYSOZYME",
    "Pocket": "Empty_Pocket_55",
    "RMSD": "",
    "Result ID": "Complete_Pocket"
  },
  {
    "Class": "Hydrolase",
    "PDB": "125L",
    "PDB Title": "THE ENERGETIC COST AND THE STRUCTURAL CONSEQUENCES OF BURYING A HYDROXYL GROUP WITHIN THE CORE OF A PROTEIN DETERMINED FROM ALA TO SER AND VAL TO THR SUBSTITUTIONS IN T4 LYSOZYME",
    "Pocket": "BME_A_901_BME_A_902",
    "RMSD": "",
    "Result ID": "Complete_Pocket"
  },
  {
    "Class": "No EC number available",
    "PDB": "126D",
    "PDB Title": "CRYSTAL STRUCTURE OF CATGGCCATG AND ITS IMPLICATIONS FOR A- TRACT BENDING MODELS",
    "Pocket": "Empty_Pocket_56",
    "RMSD": "",
    "Result ID": "Complete_Pocket"
  },
  {
    "Class": "Hydrolase",
    "PDB": "126L",
    "PDB Title": "THE ENERGETIC COST AND THE STRUCTURAL CONSEQUENCES OF BURYING A HYDROXYL GROUP WITHIN THE CORE OF A PROTEIN DETERMINED FROM ALA TO SER AND VAL TO THR SUBSTITUTIONS IN T4 LYSOZYME",
    "Pocket": "Empty_Pocket_57",
    "RMSD": "",
    "Result ID": "Complete_Pocket"
  },
  {
    "Class": "Hydrolase",
    "PDB": "126L",
    "PDB Title": "THE ENERGETIC COST AND THE STRUCTURAL CONSEQUENCES OF BURYING A HYDROXYL GROUP WITHIN THE CORE OF A PROTEIN DETERMINED FROM ALA TO SER AND VAL TO THR SUBSTITUTIONS IN T4 LYSOZYME",
    "Pocket": "BME_A_901_BME_A_902",
    "RMSD": "",
    "Result ID": "Complete_Pocket"
  },
  {
    "Class": "No EC number available",
    "PDB": "127D",
    "PDB Title": "DNA (5'-D(*CP*GP*CP*GP*AP*AP*TP*TP*CP*GP*CP*G)-3') COMPLEXED WITH HOECHST 33258",
    "Pocket": "HT_B_25",
    "RMSD": "",
    "Result ID": "Complete_Pocket"
  },
  {
    "Class": "No EC number available",
    "PDB": "127D",
    "PDB Title": "DNA (5'-D(*CP*GP*CP*GP*AP*AP*TP*TP*CP*GP*CP*G)-3') COMPLEXED WITH HOECHST 33258",
    "Pocket": "Empty_Pocket_58",
    "RMSD": "",
    "Result ID": "Complete_Pocket"
  },
  {
    "Class": "Hydrolase",
    "PDB": "127L",
    "PDB Title": "THE ENERGETIC COST AND THE STRUCTURAL CONSEQUENCES OF BURYING A HYDROXYL GROUP WITHIN THE CORE OF A PROTEIN DETERMINED FROM ALA TO SER AND VAL TO THR SUBSTITUTIONS IN T4 LYSOZYME",
    "Pocket": "BME_A_901_BME_A_902",
    "RMSD": "",
    "Result ID": "Complete_Pocket"
  },
  {
    "Class": "Hydrolase",
    "PDB": "127L",
    "PDB Title": "THE ENERGETIC COST AND THE STRUCTURAL CONSEQUENCES OF BURYING A HYDROXYL GROUP WITHIN THE CORE OF A PROTEIN DETERMINED FROM ALA TO SER AND VAL TO THR SUBSTITUTIONS IN T4 LYSOZYME",
    "Pocket": "Empty_Pocket_59",
    "RMSD": "",
    "Result ID": "Complete_Pocket"
  },
  {
    "Class": "No EC number available",
    "PDB": "128D",
    "PDB Title": "MOLECULAR STRUCTURE OF D(CGC[E6G]AATTCGCG) COMPLEXED WITH HOECHST 33258",
    "Pocket": "HT_A_25",
    "RMSD": "",
    "Result ID": "Complete_Pocket"
  },
  {
    "Class": "Hydrolase",
    "PDB": "128L",
    "PDB Title": "THE ENERGETIC COST AND THE STRUCTURAL CONSEQUENCES OF BURYING A HYDROXYL GROUP WITHIN THE CORE OF A PROTEIN DETERMINED FROM ALA TO SER AND VAL TO THR SUBSTITUTIONS IN T4 LYSOZYME",
    "Pocket": "Empty_Pocket_60",
    "RMSD": "",
    "Result ID": "Complete_Pocket"
  },
  {
    "Class": "Hydrolase",
    "PDB": "128L",
    "PDB Title": "THE ENERGETIC COST AND THE STRUCTURAL CONSEQUENCES OF BURYING A HYDROXYL GROUP WITHIN THE CORE OF A PROTEIN DETERMINED FROM ALA TO SER AND VAL TO THR SUBSTITUTIONS IN T4 LYSOZYME",
    "Pocket": "BME_A_901_BME_A_902",
    "RMSD": "",
    "Result ID": "Complete_Pocket"
  },
  {
    "Class": "No EC number available",
    "PDB": "129D",
    "PDB Title": "DNA (5'-D(*CP*GP*CP*GP*AP*AP*TP*TP*CP*GP*CP*G)-3') COMPLEXED WITH HOECHST 33342",
    "Pocket": "HT1_A_25",
    "RMSD": "",
    "Result ID": "Complete_Pocket"
  },
  {
    "Class": "No EC number available",
    "PDB": "129D",
    "PDB Title": "DNA (5'-D(*CP*GP*CP*GP*AP*AP*TP*TP*CP*GP*CP*G)-3') COMPLEXED WITH HOECHST 33342",
    "Pocket": "Empty_Pocket_61",
    "RMSD": "",
    "Result ID": "Complete_Pocket"
  },
  {
    "Class": "Hydrolase",
    "PDB": "129L",
    "PDB Title": "STRUCTURES OF RANDOMLY GENERATED MUTANTS OF T4 LYSOZYME SHOW THAT PROTEIN STABILITY CAN BE ENHANCED BY RELAXATION OF STRAIN AND BY IMPROVED HYDROGEN BONDING VIA BOUND SOLVENT",
    "Pocket": "Empty_Pocket_62",
    "RMSD": "",
    "Result ID": "Complete_Pocket"
  },
  {
    "Class": "Hydrolase",
    "PDB": "129L",
    "PDB Title": "STRUCTURES OF RANDOMLY GENERATED MUTANTS OF T4 LYSOZYME SHOW THAT PROTEIN STABILITY CAN BE ENHANCED BY RELAXATION OF STRAIN AND BY IMPROVED HYDROGEN BONDING VIA BOUND SOLVENT",
    "Pocket": "BME_A_901_BME_A_902",
    "RMSD": "",
    "Result ID": "Complete_Pocket"
  },
  {
    "Class": "Ligase",
    "PDB": "12AS",
    "PDB Title": "ASPARAGINE SYNTHETASE MUTANT C51A, C315A COMPLEXED WITH L-ASPARAGINE AND AMP",
    "Pocket": "ASN_A_331",
    "RMSD": "",
    "Result ID": "Complete_Pocket"
  },
  {
    "Class": "Ligase",
    "PDB": "12AS",
    "PDB Title": "ASPARAGINE SYNTHETASE MUTANT C51A, C315A COMPLEXED WITH L-ASPARAGINE AND AMP",
    "Pocket": "AMP_A_332",
    "RMSD": "",
    "Result ID": "Complete_Pocket"
  },
  {
    "Class": "Ligase",
    "PDB": "12AS",
    "PDB Title": "ASPARAGINE SYNTHETASE MUTANT C51A, C315A COMPLEXED WITH L-ASPARAGINE AND AMP",
    "Pocket": "ASN_B_331",
    "RMSD": "",
    "Result ID": "Complete_Pocket"
  },
  {
    "Class": "Ligase",
    "PDB": "12AS",
    "PDB Title": "ASPARAGINE SYNTHETASE MUTANT C51A, C315A COMPLEXED WITH L-ASPARAGINE AND AMP",
    "Pocket": "AMP_B_332",
    "RMSD": "",
    "Result ID": "Complete_Pocket"
  },
  {
    "Class": "Lyase",
    "PDB": "12CA",
    "PDB Title": "ALTERING THE MOUTH OF A HYDROPHOBIC POCKET. STRUCTURE AND KINETICS OF HUMAN CARBONIC ANHYDRASE II MUTANTS AT RESIDUE VAL-121",
    "Pocket": "Empty_Pocket_63",
    "RMSD": "",
    "Result ID": "Complete_Pocket"
  },
  {
    "Class": "Lyase",
    "PDB": "12CA",
    "PDB Title": "ALTERING THE MOUTH OF A HYDROPHOBIC POCKET. STRUCTURE AND KINETICS OF HUMAN CARBONIC ANHYDRASE II MUTANTS AT RESIDUE VAL-121",
    "Pocket": "Empty_Pocket_64",
    "RMSD": "",
    "Result ID": "Complete_Pocket"
  },
  {
    "Class": "No EC number available",
    "PDB": "12E8",
    "PDB Title": "2E8 FAB FRAGMENT",
    "Pocket": "Empty_Pocket_65",
    "RMSD": "",
    "Result ID": "Complete_Pocket"
  },
  {
    "Class": "No EC number available",
    "PDB": "12E8",
    "PDB Title": "2E8 FAB FRAGMENT",
    "Pocket": "Empty_Pocket_66",
    "RMSD": "",
    "Result ID": "Complete_Pocket"
  },
  {
    "Class": "No EC number available",
    "PDB": "12E8",
    "PDB Title": "2E8 FAB FRAGMENT",
    "Pocket": "Empty_Pocket_67",
    "RMSD": "",
    "Result ID": "Complete_Pocket"
  },
  {
    "Class": "No EC number available",
    "PDB": "12E8",
    "PDB Title": "2E8 FAB FRAGMENT",
    "Pocket": "Empty_Pocket_68",
    "RMSD": "",
    "Result ID": "Complete_Pocket"
  },
  {
    "Class": "No EC number available",
    "PDB": "12E8",
    "PDB Title": "2E8 FAB FRAGMENT",
    "Pocket": "Empty_Pocket_69",
    "RMSD": "",
    "Result ID": "Complete_Pocket"
  },
  {
    "Class": "No EC number available",
    "PDB": "12E8",
    "PDB Title": "2E8 FAB FRAGMENT",
    "Pocket": "Empty_Pocket_70",
    "RMSD": "",
    "Result ID": "Complete_Pocket"
  },
  {
    "Class": "No EC number available",
    "PDB": "12E8",
    "PDB Title": "2E8 FAB FRAGMENT",
    "Pocket": "Empty_Pocket_71",
    "RMSD": "",
    "Result ID": "Complete_Pocket"
  },
  {
    "Class": "No EC number available",
    "PDB": "12E8",
    "PDB Title": "2E8 FAB FRAGMENT",
    "Pocket": "Empty_Pocket_72",
    "RMSD": "",
    "Result ID": "Complete_Pocket"
  },
  {
    "Class": "Transferase",
    "PDB": "12GS",
    "PDB Title": "GLUTATHIONE S-TRANSFERASE COMPLEXED WITH S-NONYL-GLUTATHIONE",
    "Pocket": "0HH_A_210",
    "RMSD": "",
    "Result ID": "Complete_Pocket"
  },
  {
    "Class": "Transferase",
    "PDB": "12GS",
    "PDB Title": "GLUTATHIONE S-TRANSFERASE COMPLEXED WITH S-NONYL-GLUTATHIONE",
    "Pocket": "0HH_B_210",
    "RMSD": "",
    "Result ID": "Complete_Pocket"
  },
  {
    "Class": "Transferase",
    "PDB": "12GS",
    "PDB Title": "GLUTATHIONE S-TRANSFERASE COMPLEXED WITH S-NONYL-GLUTATHIONE",
    "Pocket": "MES_B_211",
    "RMSD": "",
    "Result ID": "Complete_Pocket"
  },
  {
    "Class": "Transferase",
    "PDB": "12GS",
    "PDB Title": "GLUTATHIONE S-TRANSFERASE COMPLEXED WITH S-NONYL-GLUTATHIONE",
    "Pocket": "MES_A_211",
    "RMSD": "",
    "Result ID": "Complete_Pocket"
  },
  {
    "Class": "No EC number available",
    "PDB": "130D",
    "PDB Title": "MOLECULAR STRUCTURE OF D(CGC[E6G]AATTCGCG) COMPLEXED WITH HOECHST 33342",
    "Pocket": "HT1_B_25",
    "RMSD": "",
    "Result ID": "Complete_Pocket"
  },
  {
    "Class": "Hydrolase",
    "PDB": "130L",
    "PDB Title": "STRUCTURES OF RANDOMLY GENERATED MUTANTS OF T4 LYSOZYME SHOW THAT PROTEIN STABILITY CAN BE ENHANCED BY RELAXATION OF STRAIN AND BY IMPROVED HYDROGEN BONDING VIA BOUND SOLVENT",
    "Pocket": "Empty_Pocket_73",
    "RMSD": "",
    "Result ID": "Complete_Pocket"
  },
  {
    "Class": "Hydrolase",
    "PDB": "130L",
    "PDB Title": "STRUCTURES OF RANDOMLY GENERATED MUTANTS OF T4 LYSOZYME SHOW THAT PROTEIN STABILITY CAN BE ENHANCED BY RELAXATION OF STRAIN AND BY IMPROVED HYDROGEN BONDING VIA BOUND SOLVENT",
    "Pocket": "BME_A_901_BME_A_902",
    "RMSD": "",
    "Result ID": "Complete_Pocket"
  },
  {
    "Class": "No EC number available",
    "PDB": "131D",
    "PDB Title": "THE LOW-TEMPERATURE CRYSTAL STRUCTURE OF THE PURE-SPERMINE FORM OF Z-DNA REVEALS BINDING OF A SPERMINE MOLECULE IN THE MINOR GROOVE",
    "Pocket": "SPM_B_14",
    "RMSD": "",
    "Result ID": "Complete_Pocket"
  },
  {
    "Class": "Hydrolase",
    "PDB": "131L",
    "PDB Title": "STRUCTURES OF RANDOMLY GENERATED MUTANTS OF T4 LYSOZYME SHOW THAT PROTEIN STABILITY CAN BE ENHANCED BY RELAXATION OF STRAIN AND BY IMPROVED HYDROGEN BONDING VIA BOUND SOLVENT",
    "Pocket": "Empty_Pocket_74",
    "RMSD": "",
    "Result ID": "Complete_Pocket"
  }
]