Uniprot-IDs		P89521	P89521	P89521	P89521	P89521	P89521	P89521
Ligand		BME_A_801	BME_B_801	BME_B_802	BME_C_801	GOL_D_801	BME_D_802	BME_E_801
Chains		A,B,C,D,E	A,B,C,D,E	A,B,C,D,E	A,B,C,D,E	A,B,C,D,E	A,B,C,D,E	A,B,C,D,E
Tests		passed	failed	failed	failed	failed	failed	failed
VALUE EDIAm per residue	Percentage of all residues with EDIAm below 0.7 (tolerated: up to 0%) 	0	0	0.111	0.0625	0.273	0	0
CUTOFF EDIAm per residue	Percentage of all residues with EDIAm below 0.7 (tolerated: up to 0%) 	0.700000	0.700000	0.700000	0.700000	0.700000	0.700000	0.700000
TEST RESULT EDIAm per residue	Percentage of all residues with EDIAm below 0.7 (tolerated: up to 0%) 	passed	passed	failed	failed	failed	passed	passed
VALUE B factor ratio	Absolute active site to ligand B factor ratio at least 0.5 and at most 2	0.5	0.4	0.5	0.7	0.5	0.4	0.3
CUTOFF B factor ratio	Absolute active site to ligand B factor ratio at least 0.5 and at most 2	0.5	0.5	0.5	0.5	0.5	0.5	0.5
TEST RESULT B factor ratio	Absolute active site to ligand B factor ratio at least 0.5 and at most 2	passed	failed	passed	passed	passed	failed	failed
VALUE Occupancy	Percentage of atoms with occupancy of less than 1 (tolerated: up to 0%) 	0	0	0	0	1.15	0	0
CUTOFF Occupancy	Percentage of atoms with occupancy of less than 1 (tolerated: up to 0%) 	1	1	1	1	1	1	1
TEST RESULT Occupancy	Percentage of atoms with occupancy of less than 1 (tolerated: up to 0%) 	passed	passed	passed	passed	failed	passed	passed
VALUE Intramolecular clash	Intramolecular clash for no heavy atom pair (sum vdw - 0.9A)	0	0	0	0	0	0	0
CUTOFF Intramolecular clash	Intramolecular clash for no heavy atom pair (sum vdw - 0.9A)	0	0	0	0	0	0	0
TEST RESULT Intramolecular clash	Intramolecular clash for no heavy atom pair (sum vdw - 0.9A)	passed	passed	passed	passed	passed	passed	passed
VALUE Intermolecular clash	Intramolecular clash for no heavy atom pair (sum vdw - 0.9A)	0	0	0	0	0	0	0
CUTOFF Intermolecular clash	Intramolecular clash for no heavy atom pair (sum vdw - 0.9A)	0	0	0	0	0	0	0
TEST RESULT Intermolecular clash	Intramolecular clash for no heavy atom pair (sum vdw - 0.9A)	passed	passed	passed	passed	passed	passed	passed
VALUE VSEPR bond angles	Percentage of bond angles differing by more than 16 degrees (tolerated: up to 0%) 	0	0	0	0	0	0	0
CUTOFF VSEPR bond angles	Percentage of bond angles differing by more than 16 degrees (tolerated: up to 0%) 	16	16	16	16	16	16	16
TEST RESULT VSEPR bond angles	Percentage of bond angles differing by more than 16 degrees (tolerated: up to 0%) 	passed	passed	passed	passed	passed	passed	passed
VALUE Unusual bond lengths	Percentage of bond lengths differing by more than 0.2 A (tolerated: up to 0%) 	0	0	0	0	0	0	0
CUTOFF Unusual bond lengths	Percentage of bond lengths differing by more than 0.2 A (tolerated: up to 0%) 	0.2	0.2	0.2	0.2	0.2	0.2	0.2
TEST RESULT Unusual bond lengths	Percentage of bond lengths differing by more than 0.2 A (tolerated: up to 0%) 	passed	passed	passed	passed	passed	passed	passed
