PDB-ID		4IZJ
Tests		failed
VALUE Resolution	Resolution at most 2.5A	2.5
CUTOFF Resolution	Resolution at most 2.5A	2.5
TEST RESULT Resolution	Resolution at most 2.5A	passed
VALUE DPI	Model diffraction precision index (Goto) at most 0.42	0.513
CUTOFF DPI	Model diffraction precision index (Goto) at most 0.42	0.42
TEST RESULT DPI	Model diffraction precision index (Goto) at most 0.42	failed
VALUE R factor	Model R Factor at most 0.4	0.178
CUTOFF R factor	Model R Factor at most 0.4	0.4
TEST RESULT R factor	Model R Factor at most 0.4	passed
VALUE R free factor	Model R Free Factor at most 0.45	0.244
CUTOFF R free factor	Model R Free Factor at most 0.45	0.45
TEST RESULT R free factor	Model R Free Factor at most 0.45	passed
VALUE Overfitting	Difference between R and R Free Factor at most 0.05	0.066
CUTOFF Overfitting	Difference between R and R Free Factor at most 0.05	0.05 >= x
TEST RESULT Overfitting	Difference between R and R Free Factor at most 0.05	failed
VALUE Model significance	Model is significant (Rfree < 0.4 and Resolution < 3.5)	nan
CUTOFF Model significance	Model is significant (Rfree < 0.4 and Resolution < 3.5)	
TEST RESULT Model significance	Model is significant (Rfree < 0.4 and Resolution < 3.5)	passed
