Name		BME_A_801	BME_B_801	BME_B_802	BME_C_801	GOL_D_801	BME_D_802	BME_E_801
HET-Code		BME	BME	BME	BME	GOL	BME	BME
Chain		A	B	B	C	D	D	E
ID		801	801	802	801	801	802	801
Tests		failed	failed	failed	failed	failed	failed	failed
VALUE Maximum atomic B factor	Atomic B Factor is maximally 50 A^2 for 100% of atoms	25	100	25	0	100	100	100
CUTOFF Maximum atomic B factor	Atomic B Factor is maximally 50 A^2 for 100% of atoms	50	50	50	50	50	50	50
TEST RESULT Maximum atomic B factor	Atomic B Factor is maximally 50 A^2 for 100% of atoms	failed	failed	failed	passed	failed	failed	failed
VALUE Occupancy	Percentage of atoms with occupancy of less than 1 (tolerated: up to 0%) 	0	0	0	0	0	0	0
CUTOFF Occupancy	Percentage of atoms with occupancy of less than 1 (tolerated: up to 0%) 	1	1	1	1	1	1	1
TEST RESULT Occupancy	Percentage of atoms with occupancy of less than 1 (tolerated: up to 0%) 	passed	passed	passed	passed	passed	passed	passed
VALUE Crystal symmetry contacts	At most 0 crystal symmetry contacts closer than 6A to the ligand	2	0	3	0	3	0	0
CUTOFF Crystal symmetry contacts	At most 0 crystal symmetry contacts closer than 6A to the ligand	0	0	0	0	0	0	0
TEST RESULT Crystal symmetry contacts	At most 0 crystal symmetry contacts closer than 6A to the ligand	failed	passed	failed	passed	failed	passed	passed
VALUE OWAB	OWAB is at most 50A^2	50.1	59.9	46.8	36.6	54.1	61.3	58.6
CUTOFF OWAB	OWAB is at most 50A^2	50	50	50	50	50	50	50
TEST RESULT OWAB	OWAB is at most 50A^2	failed	failed	passed	passed	failed	failed	failed
VALUE EDIAm	EDIA_m score at least 0.8	0.85	0.72	0.51	0.59	0.66	0.8	0.79
CUTOFF EDIAm	EDIA_m score at least 0.8	0.8	0.8	0.8	0.8	0.8	0.8	0.8
TEST RESULT EDIAm	EDIA_m score at least 0.8	passed	failed	failed	failed	failed	passed	failed
VALUE Intramolecular clash	Intramolecular clash for no heavy atom pair (sum vdw - 0.9A)	0	0	0	0	0	0	0
CUTOFF Intramolecular clash	Intramolecular clash for no heavy atom pair (sum vdw - 0.9A)	0	0	0	0	0	0	0
TEST RESULT Intramolecular clash	Intramolecular clash for no heavy atom pair (sum vdw - 0.9A)	passed	passed	passed	passed	passed	passed	passed
VALUE Unusual bond lengths	Percentage of bond lengths differing by more than 0.2 A (tolerated: up to 0%) 	0	0	0	0	0	0	0
CUTOFF Unusual bond lengths	Percentage of bond lengths differing by more than 0.2 A (tolerated: up to 0%) 	0.2	0.2	0.2	0.2	0.2	0.2	0.2
TEST RESULT Unusual bond lengths	Percentage of bond lengths differing by more than 0.2 A (tolerated: up to 0%) 	passed	passed	passed	passed	passed	passed	passed
VALUE VSEPR bond angles	Percentage of bond angles differing by more than 16 degrees (tolerated: up to 0%) 	0	0	0	0	0	0	0
CUTOFF VSEPR bond angles	Percentage of bond angles differing by more than 16 degrees (tolerated: up to 0%) 	0.279	0.279	0.279	0.279	0.279	0.279	0.279
TEST RESULT VSEPR bond angles	Percentage of bond angles differing by more than 16 degrees (tolerated: up to 0%) 	passed	passed	passed	passed	passed	passed	passed
VALUE Torsion angles	Number of torsion angles beyond the second TorLib tolerance interval	1	0	0	1	1	0	0
CUTOFF Torsion angles	Number of torsion angles beyond the second TorLib tolerance interval	nan	nan	nan	nan	nan	nan	nan
TEST RESULT Torsion angles	Number of torsion angles beyond the second TorLib tolerance interval	failed	passed	passed	failed	failed	passed	passed
VALUE Aromatic ring planarity	Aromatic rings with the maximum size of 6 differing by more than 20 degrees from planarity	nan	nan	nan	nan	nan	nan	nan
CUTOFF Aromatic ring planarity	Aromatic rings with the maximum size of 6 differing by more than 20 degrees from planarity	20	20	20	20	20	20	20
TEST RESULT Aromatic ring planarity	Aromatic rings with the maximum size of 6 differing by more than 20 degrees from planarity	passed	passed	passed	passed	passed	passed	passed
VALUE Number of heavy atoms	At least 10 heavy atoms present	4	4	4	4	6	4	4
CUTOFF Number of heavy atoms	At least 10 heavy atoms present	10	10	10	10	10	10	10
TEST RESULT Number of heavy atoms	At least 10 heavy atoms present	failed	failed	failed	failed	failed	failed	failed
VALUE Molecular weight	Molecular weight is at least 100 and at most 600u	78.1	78.1	78.1	78.1	92.1	78.1	78.1
CUTOFF Molecular weight	Molecular weight is at least 100 and at most 600u	100<= x <= 600	100<= x <= 600	100<= x <= 600	100<= x <= 600	100<= x <= 600	100<= x <= 600	100<= x <= 600
TEST RESULT Molecular weight	Molecular weight is at least 100 and at most 600u	failed	failed	failed	failed	failed	failed	failed
VALUE Number of peptide residues	At most 3 connected peptide residues are present	0	0	0	0	0	0	0
CUTOFF Number of peptide residues	At most 3 connected peptide residues are present	3	3	3	3	3	3	3
TEST RESULT Number of peptide residues	At most 3 connected peptide residues are present	passed	passed	passed	passed	passed	passed	passed
VALUE Number of rotatable bonds	Number of rotatable bonds are at most 16	1	1	1	1	2	1	1
CUTOFF Number of rotatable bonds	Number of rotatable bonds are at most 16	16	16	16	16	16	16	16
TEST RESULT Number of rotatable bonds	Number of rotatable bonds are at most 16	passed	passed	passed	passed	passed	passed	passed
VALUE Number of stereo centers	At most 5 stereo centers present	0	0	0	0	0	0	0
CUTOFF Number of stereo centers	At most 5 stereo centers present	5	5	5	5	5	5	5
TEST RESULT Number of stereo centers	At most 5 stereo centers present	passed	passed	passed	passed	passed	passed	passed
VALUE SMARTS	Ligand matches none of the SMARTS in exclusion and if defined at least one in the inclusion SMARTS list	-	-	-	-	-	-	-
CUTOFF SMARTS	Ligand matches none of the SMARTS in exclusion and if defined at least one in the inclusion SMARTS list							
TEST RESULT SMARTS	Ligand matches none of the SMARTS in exclusion and if defined at least one in the inclusion SMARTS list	passed	passed	passed	passed	passed	passed	passed
VALUE HET code	HET code does not match the exclusion list	BME	BME	BME	BME	GOL	BME	BME
CUTOFF HET code	HET code does not match the exclusion list							
TEST RESULT HET code	HET code does not match the exclusion list	failed	failed	failed	failed	failed	failed	failed
